-- phpMyAdmin SQL Dump
-- version 5.2.1
-- https://www.phpmyadmin.net/
--
-- Host: 127.0.0.1
-- Generation Time: Jul 20, 2025 at 06:18 PM
-- Server version: 10.4.32-MariaDB
-- PHP Version: 8.2.12

SET SQL_MODE = "NO_AUTO_VALUE_ON_ZERO";
START TRANSACTION;
SET time_zone = "+00:00";


/*!40101 SET @OLD_CHARACTER_SET_CLIENT=@@CHARACTER_SET_CLIENT */;
/*!40101 SET @OLD_CHARACTER_SET_RESULTS=@@CHARACTER_SET_RESULTS */;
/*!40101 SET @OLD_COLLATION_CONNECTION=@@COLLATION_CONNECTION */;
/*!40101 SET NAMES utf8mb4 */;

--
-- Database: `alumni_db`
--

-- --------------------------------------------------------

--
-- Table structure for table `address`
--

CREATE TABLE `address` (
  `addressID` int(11) NOT NULL,
  `alumniID` int(11) NOT NULL,
  `addressType` varchar(50) DEFAULT NULL,
  `city` varchar(50) DEFAULT NULL,
  `state` varchar(2) DEFAULT NULL,
  `zipCode` varchar(10) DEFAULT NULL,
  `activeYN` varchar(1) DEFAULT NULL,
  `primaryYN` varchar(1) DEFAULT NULL
) ENGINE=InnoDB DEFAULT CHARSET=utf8mb4 COLLATE=utf8mb4_general_ci;

--
-- Dumping data for table `address`
--

INSERT INTO `address` (`addressID`, `alumniID`, `addressType`, `city`, `state`, `zipCode`, `activeYN`, `primaryYN`) VALUES
(101, 202, '456 Magnolia Ave', 'Savannah', 'GA', '31401', 'Y', 'Y'),
(102, 203, '789 River Rd', 'Augusta', 'GA', '30901', 'Y', 'Y'),
(103, 204, '101 Dogwood Dr', 'Macon', 'GA', '31201', 'Y', 'Y'),
(104, 205, '234 Oak St', 'Athens', 'GA', '30601', 'Y', 'Y'),
(105, 207, '567 Maple Ave', 'Columbus', 'GA', '31901', 'Y', 'Y'),
(106, 208, '890 Pine St', 'Albany', 'GA', '31701', 'Y', 'Y'),
(107, 209, '111 Cedar Ln', 'Valdosta', 'GA', '31601', 'Y', 'Y'),
(108, 210, '222 Elm St', 'Gainesville', 'GA', '30501', 'Y', 'Y'),
(109, 211, '333 Walnut Ave', 'Rome', 'GA', '30161', 'Y', 'Y'),
(110, 212, '444 Cherry St', 'Dalton', 'GA', '30720', 'Y', 'Y'),
(111, 213, '555 Birch Dr', 'Warner Robins', 'GA', '31088', 'Y', 'Y'),
(112, 214, '666 Willow Rd', 'Johns Creek', 'GA', '30005', 'Y', 'Y'),
(113, 215, '777 Spruce St', 'Sandy Springs', 'GA', '30328', 'Y', 'Y'),
(114, 216, '888 Sycamore Dr', 'Roswell', 'GA', '30075', 'Y', 'Y'),
(115, 217, '999 Hickory Ave', 'Alpharetta', 'GA', '30004', 'Y', 'Y'),
(116, 218, '1212 Cedarwood Ln', 'Marietta', 'GA', '30008', 'Y', 'Y'),
(117, 219, '1313 Birchwood Dr', 'Smyrna', 'GA', '30080', 'Y', 'Y'),
(118, 220, '1414 Oakwood Ave', 'Brookhaven', 'GA', '30319', 'Y', 'Y'),
(119, 229, '1515 Elmwood Dr', 'Dunwoody', 'GA', '30338', 'Y', 'Y'),
(121, 233, '1717 Pinecrest Ave', 'East Point', 'GA', '30344', 'Y', 'Y'),
(122, 234, '1818 Dogwood Rd', 'Mableton', 'GA', '30126', 'Y', 'Y'),
(123, 235, '1919 Birchwood Dr', 'Milton', 'GA', '30004', 'Y', 'Y'),
(124, 236, '2020 Sycamore Ln', 'Lawrenceville', 'GA', '30043', 'Y', 'Y'),
(125, 237, '2121 Cedarwood Ave', 'Tucker', 'GA', '30084', 'Y', 'Y'),
(126, 238, '2222 Oakwood Dr', 'Duluth', 'GA', '30096', 'Y', 'Y'),
(127, 239, '2323 Maple St', 'Kennesaw', 'GA', '30144', 'Y', 'Y'),
(128, 240, '2424 Willow Ave', 'Decatur', 'GA', '30030', 'Y', 'Y'),
(129, 241, '2525 Hickory St', 'Woodstock', 'GA', '30188', 'Y', 'Y'),
(130, 242, '2626 Elmwood Ln', 'Canton', 'GA', '30114', 'Y', 'Y'),
(131, 243, '2727 Birchwood Dr', 'Acworth', 'GA', '30101', 'Y', 'Y'),
(132, 245, '2828 Pinecrest St', 'Cartersville', 'GA', '30120', 'Y', 'Y'),
(133, 246, '2929 Dogwood Rd', 'Union City', 'GA', '30291', 'Y', 'Y'),
(134, 247, '3030 Cedar Ln', 'Suwanee', 'GA', '30024', 'Y', 'Y'),
(135, 248, '3131 Oakwood Ave', 'Forest Park', 'GA', '30297', 'Y', 'Y'),
(136, 249, '3232 Sycamore Dr', 'Lithia Springs', 'GA', '30122', 'Y', 'Y'),
(137, 250, '3333 Maplewood Rd', 'Buford', 'GA', '30518', 'Y', 'Y'),
(138, 251, '3434 Willow St', 'Snellville', 'GA', '30039', 'Y', 'Y'),
(139, 252, '3535 Hickory Ave', 'Stockbridge', 'GA', '30281', 'Y', 'Y'),
(140, 253, '3636 Elmwood Dr', 'Conyers', 'GA', '30012', 'Y', 'Y'),
(141, 254, '3737 Pinecrest Ave', 'Fayetteville', 'GA', '30214', 'Y', 'Y'),
(142, 255, '3838 Birchwood Ln', 'Covington', 'GA', '30014', 'Y', 'Y'),
(143, 256, '3939 Cedarwood Ave', 'Loganville', 'GA', '30052', 'Y', 'Y'),
(144, 257, '4040 Oakwood Rd', 'McDonough', 'GA', '30252', 'Y', 'Y'),
(145, 258, '4141 Maple Ave', 'Sugar Hill', 'GA', '30518', 'Y', 'Y'),
(146, 259, '4242 Willow Dr', 'Norcross', 'GA', '30071', 'Y', 'Y'),
(147, 260, '4343 Sycamore St', 'Fairburn', 'GA', '30213', 'Y', 'Y'),
(148, 261, '4444 Cedar Ln', 'Hampton', 'GA', '30228', 'Y', 'Y'),
(149, 262, '4545 Elmwood Ave', 'Doraville', 'GA', '30340', 'Y', 'Y'),
(150, 263, '4646 Pinecrest Dr', 'Braselton', 'GA', '30517', 'Y', 'Y'),
(151, 264, '4747 Birchwood Rd', 'Villa Rica', 'GA', '30180', 'Y', 'Y'),
(152, 265, '4848 Dogwood Ave', 'Buford', 'GA', '30518', 'Y', 'Y'),
(153, 266, '4949 Hickory St', 'Lithonia', 'GA', '30038', 'Y', 'Y'),
(154, 268, '5050 Oakwood Dr', 'Dacula', 'GA', '30019', 'Y', 'Y'),
(155, 269, '5151 Maplewood Ave', 'Holly Springs', 'GA', '30115', 'Y', 'Y'),
(156, 270, '5252 Willow Rd', 'Austell', 'GA', '30106', 'Y', 'Y'),
(157, 274, '5353 Sycamore Ln', 'Jefferson', 'GA', '30549', 'Y', 'Y'),
(158, 275, '5454 Cedarwood St', 'Palmetto', 'GA', '30268', 'Y', 'Y'),
(159, 276, '5555 Elmwood Ave', 'Flowery Branch', 'GA', '30542', 'Y', 'Y'),
(160, 277, '5656 Pinecrest Dr', 'Dallas', 'GA', '30132', 'Y', 'Y'),
(161, 278, '5757 Birchwood Rd', 'Loganville', 'GA', '30052', 'Y', 'Y'),
(162, 279, '5858 Dogwood Ave', 'Grayson', 'GA', '30017', 'Y', 'Y'),
(163, 280, '5959 Hickory St', 'Braselton', 'GA', '30517', 'Y', 'Y'),
(164, 282, '6060 Oakwood Dr', 'Buford', 'GA', '30518', 'Y', 'Y'),
(165, 283, '6161 Maplewood Ave', 'Cumming', 'GA', '30041', 'Y', 'Y'),
(166, 284, '6262 Willow Rd', 'Gainesville', 'GA', '30506', 'Y', 'Y'),
(167, 285, '6363 Sycamore Ln', 'Jefferson', 'GA', '30549', 'Y', 'Y'),
(168, 286, '6464 Cedarwood St', 'Dacula', 'GA', '30019', 'Y', 'Y'),
(169, 288, '6565 Elmwood Ave', 'Flowery Branch', 'GA', '30542', 'Y', 'Y'),
(170, 289, '6666 Pinecrest Dr', 'Dallas', 'GA', '30132', 'Y', 'Y'),
(171, 290, '6767 Birchwood Rd', 'Loganville', 'GA', '30052', 'Y', 'Y'),
(172, 291, '6868 Dogwood Ave', 'Grayson', 'GA', '30017', 'Y', 'Y'),
(173, 293, '6969 Hickory St', 'Braselton', 'GA', '30517', 'Y', 'Y'),
(174, 294, '7070 Oakwood Dr', 'Buford', 'GA', '30518', 'Y', 'Y'),
(175, 295, '7171 Maplewood Ave', 'Cumming', 'GA', '30041', 'Y', 'Y'),
(176, 296, '7272 Willow Rd', 'Gainesville', 'GA', '30506', 'Y', 'Y'),
(177, 297, '7373 Sycamore Ln', 'Jefferson', 'GA', '30549', 'Y', 'Y'),
(178, 299, '7474 Cedarwood St', 'Dacula', 'GA', '30019', 'Y', 'Y'),
(179, 300, '7575 Elmwood Ave', 'Flowery Branch', 'GA', '30542', 'Y', 'Y'),
(180, 301, '7676 Pinecrest Dr', 'Dallas', 'GA', '30132', 'Y', 'Y'),
(181, 303, '7777 Birchwood Rd', 'Loganville', 'GA', '30052', 'Y', 'Y'),
(182, 304, '7878 Dogwood Ave', 'Grayson', 'GA', '30017', 'Y', 'Y'),
(183, 305, '7979 Hickory St', 'Braselton', 'GA', '30517', 'Y', 'Y'),
(184, 306, '8080 Oakwood Dr', 'Buford', 'GA', '30518', 'Y', 'Y'),
(185, 307, '8181 Maplewood Ave', 'Cumming', 'GA', '30041', 'Y', 'Y'),
(186, 308, '8282 Willow Rd', 'Gainesville', 'GA', '30506', 'Y', 'Y'),
(187, 309, '8383 Sycamore Ln', 'Jefferson', 'GA', '30549', 'Y', 'Y'),
(188, 310, '8484 Cedarwood St', 'Dacula', 'GA', '30019', 'Y', 'Y'),
(189, 311, '8585 Elmwood Ave', 'Flowery Branch', 'GA', '30542', 'Y', 'Y'),
(190, 312, '456 Magnolia Ave', 'Savannah', 'GA', '31401', 'Y', 'Y'),
(191, 313, '789 River Rd', 'Augusta', 'GA', '30901', 'Y', 'Y'),
(192, 314, '101 Dogwood Dr', 'Macon', 'GA', '31201', 'Y', 'Y'),
(193, 315, '234 Oak St', 'Athens', 'GA', '30601', 'Y', 'Y'),
(194, 320, '567 Maple Ave', 'Columbus', 'GA', '31901', 'Y', 'Y'),
(195, 321, '890 Pine St', 'Albany', 'GA', '31701', 'Y', 'Y'),
(196, 322, '111 Cedar Ln', 'Valdosta', 'GA', '31601', 'Y', 'Y'),
(197, 323, '222 Elm St', 'Gainesville', 'GA', '30501', 'Y', 'Y'),
(198, 324, '333 Walnut Ave', 'Rome', 'GA', '30161', 'Y', 'Y');

-- --------------------------------------------------------

--
-- Table structure for table `alumni`
--

CREATE TABLE `alumni` (
  `alumniID` int(11) NOT NULL,
  `fName` varchar(20) NOT NULL,
  `lName` varchar(20) NOT NULL,
  `email` varchar(50) DEFAULT NULL,
  `phone` varchar(10) DEFAULT NULL,
  `DOB` date DEFAULT NULL,
  `gender` varchar(1) DEFAULT NULL,
  `ethnicity` varchar(1) DEFAULT NULL,
  `website` varchar(100) DEFAULT NULL,
  `linkedIn_link` varchar(100) DEFAULT NULL,
  `twitter_link` varchar(100) DEFAULT NULL,
  `facebook_link` varchar(100) DEFAULT NULL,
  `instagram_link` varchar(100) DEFAULT NULL,
  `guestSpeakerYN` varchar(1) DEFAULT NULL,
  `newsLetterYN` varchar(1) DEFAULT NULL,
  `imageThumb` varchar(200) DEFAULT NULL,
  `imageNormal` varchar(200) DEFAULT NULL,
  `description` varchar(500) DEFAULT NULL,
  `deceasedYN` varchar(1) DEFAULT NULL,
  `deceasedDT` date DEFAULT NULL,
  `deceasedNotes` varchar(500) DEFAULT NULL
) ENGINE=InnoDB DEFAULT CHARSET=utf8mb4 COLLATE=utf8mb4_general_ci;

--
-- Dumping data for table `alumni`
--

INSERT INTO `alumni` (`alumniID`, `fName`, `lName`, `email`, `phone`, `DOB`, `gender`, `ethnicity`, `website`, `linkedIn_link`, `twitter_link`, `facebook_link`, `instagram_link`, `guestSpeakerYN`, `newsLetterYN`, `imageThumb`, `imageNormal`, `description`, `deceasedYN`, `deceasedDT`, `deceasedNotes`) VALUES
(202, 'John', 'Davis', 'JDavis@yahoo.com', '3145245336', '1964-03-24', 'M', NULL, NULL, NULL, NULL, NULL, NULL, NULL, NULL, NULL, NULL, NULL, NULL, NULL, NULL),
(203, 'Sybil', 'Hood', 'SHood@yahoo.com', '7089572772', '1976-02-14', 'F', NULL, NULL, NULL, NULL, NULL, NULL, NULL, NULL, NULL, NULL, NULL, NULL, NULL, NULL),
(204, 'Benjamin', 'Jones', 'BJones@yahoo.com', '7175492607', '1975-03-09', 'M', NULL, NULL, NULL, NULL, NULL, NULL, NULL, NULL, NULL, NULL, NULL, NULL, NULL, NULL),
(205, 'James', 'Inglis', 'JInglis@yahoo.com', '4192090851', '1972-06-01', 'M', NULL, NULL, NULL, NULL, NULL, NULL, NULL, NULL, NULL, NULL, NULL, NULL, NULL, NULL),
(207, 'Adam', 'Hammond', 'AHammond@yahoo.com', '9199650676', '1973-10-22', 'M', NULL, NULL, NULL, NULL, NULL, NULL, NULL, NULL, NULL, NULL, NULL, NULL, NULL, NULL),
(208, 'Christopher', 'Reynolds', 'CReynolds@yahoo.com', '5016248522', '1969-03-02', 'M', NULL, NULL, NULL, NULL, NULL, NULL, NULL, NULL, NULL, NULL, NULL, NULL, NULL, NULL),
(209, 'Scott', 'Szukaitis', 'SSzukaitis@yahoo.com', '5175469673', '1976-09-22', 'M', NULL, NULL, NULL, NULL, NULL, NULL, NULL, NULL, NULL, NULL, NULL, NULL, NULL, NULL),
(210, 'Jimmy', 'Taylor', 'JTaylor@yahoo.com', '6622564145', '1968-03-19', 'M', NULL, NULL, NULL, NULL, NULL, NULL, NULL, NULL, NULL, NULL, NULL, NULL, NULL, NULL),
(211, 'Brandon', 'Wieme', 'BWieme@yahoo.com', '2187654141', '1974-11-28', 'M', NULL, NULL, NULL, NULL, NULL, NULL, NULL, NULL, NULL, NULL, NULL, NULL, NULL, NULL),
(212, 'Douglas', 'Wood', 'DWood@yahoo.com', '9138417208', '1970-10-27', 'M', NULL, NULL, NULL, NULL, NULL, NULL, NULL, NULL, NULL, NULL, NULL, NULL, NULL, NULL),
(213, 'Chad', 'Dolan', 'CDolan@yahoo.com', '6087443257', '1972-07-14', 'M', NULL, NULL, NULL, NULL, NULL, NULL, NULL, NULL, NULL, NULL, NULL, NULL, NULL, NULL),
(214, 'Michael', 'Eggleton', 'MEggleton@yahoo.com', '6155263824', '1964-09-26', 'M', NULL, NULL, NULL, NULL, NULL, NULL, NULL, NULL, NULL, NULL, NULL, NULL, NULL, NULL),
(215, 'Orlando', 'Ferrer-Montano', 'OFerrer-Montano@yahoo.com', '6155251515', '1958-05-17', 'M', NULL, NULL, NULL, NULL, NULL, NULL, NULL, NULL, NULL, NULL, NULL, NULL, NULL, NULL),
(216, 'David', 'Simons', 'DSimons@yahoo.com', '7065950806', '1970-04-08', 'M', NULL, NULL, NULL, NULL, NULL, NULL, NULL, NULL, NULL, NULL, NULL, NULL, NULL, NULL),
(217, 'Michael', 'Brasher', 'MBrasher@yahoo.com', '6142928475', '1973-11-04', 'M', NULL, NULL, NULL, NULL, NULL, NULL, NULL, NULL, NULL, NULL, NULL, NULL, NULL, NULL),
(218, 'Kathy', 'Riggs', 'KRiggs@yahoo.com', '5695757530', '1964-10-16', 'F', NULL, NULL, NULL, NULL, NULL, NULL, NULL, NULL, NULL, NULL, NULL, NULL, NULL, NULL),
(219, 'Timothy', 'Smith', 'TSmith@yahoo.com', '5123894826', '1967-11-02', 'M', NULL, NULL, NULL, NULL, NULL, NULL, NULL, NULL, NULL, NULL, NULL, NULL, NULL, NULL),
(220, 'Bobby', 'Bond', 'BBond@yahoo.com', '4788256354', '1972-12-10', 'F', NULL, NULL, NULL, NULL, NULL, NULL, NULL, NULL, NULL, NULL, NULL, NULL, NULL, NULL),
(229, 'Mark', 'Vrtiska', 'MVrtiska@yahoo.com', '4022281867', '1963-12-21', 'M', NULL, NULL, NULL, NULL, NULL, NULL, NULL, NULL, NULL, NULL, NULL, NULL, NULL, NULL),
(233, 'Stephen', 'Wells', 'SWells@yahoo.com', '2053320466', '1949-09-21', 'M', NULL, NULL, NULL, NULL, NULL, NULL, NULL, NULL, NULL, NULL, NULL, NULL, NULL, NULL),
(234, 'William', 'Wells', 'WWells@yahoo.com', '6626842432', '1957-02-21', 'M', NULL, NULL, NULL, NULL, NULL, NULL, NULL, NULL, NULL, NULL, NULL, NULL, NULL, NULL),
(235, 'Ronald', 'Weitknecht', 'RWeitknecht@yahoo.com', '9082864653', '1962-05-04', 'M', NULL, NULL, NULL, NULL, NULL, NULL, NULL, NULL, NULL, NULL, NULL, NULL, NULL, NULL),
(236, 'Jeffrey', 'Webb', 'JWebb@yahoo.com', '9017823545', '1961-04-29', 'M', NULL, NULL, NULL, NULL, NULL, NULL, NULL, NULL, NULL, NULL, NULL, NULL, NULL, NULL),
(237, 'Keith', 'Weaver', 'KWeaver@yahoo.com', '2153235030', '1957-10-03', 'M', NULL, NULL, NULL, NULL, NULL, NULL, NULL, NULL, NULL, NULL, NULL, NULL, NULL, NULL),
(238, 'Robert', 'Warden', 'RWarden@yahoo.com', '2058813387', '1948-09-02', 'M', NULL, NULL, NULL, NULL, NULL, NULL, NULL, NULL, NULL, NULL, NULL, NULL, NULL, NULL),
(239, 'Thomas', 'Waldrop', 'TWaldrop@yahoo.com', '7066135714', '1970-06-20', 'M', NULL, NULL, NULL, NULL, NULL, NULL, NULL, NULL, NULL, NULL, NULL, NULL, NULL, NULL),
(240, 'Scott', 'Walock', 'SWalock@yahoo.com', '8104741264', '1969-06-13', 'M', NULL, NULL, NULL, NULL, NULL, NULL, NULL, NULL, NULL, NULL, NULL, NULL, NULL, NULL),
(241, 'Guy', 'Wagner', 'GWagner@yahoo.com', '2088435509', '1954-03-30', 'M', NULL, NULL, NULL, NULL, NULL, NULL, NULL, NULL, NULL, NULL, NULL, NULL, NULL, NULL),
(242, 'Bobby', 'Wilson', 'BWilson@yahoo.com', '6626523402', '1942-10-28', 'M', NULL, NULL, NULL, NULL, NULL, NULL, NULL, NULL, NULL, NULL, NULL, NULL, NULL, NULL),
(243, 'Timothy', 'Wilson', 'TWilson@yahoo.com', '5174312078', '1969-11-05', 'M', NULL, NULL, NULL, NULL, NULL, NULL, NULL, NULL, NULL, NULL, NULL, NULL, NULL, NULL),
(245, 'Leah', 'Bray', 'LBray@yahoo.com', '6018365480', '1973-12-07', 'F', NULL, NULL, NULL, NULL, NULL, NULL, NULL, NULL, NULL, NULL, NULL, NULL, NULL, NULL),
(246, 'John', 'Wolkonowski', 'JWolkonowski@yahoo.com', '6157545591', '1971-12-21', 'M', NULL, NULL, NULL, NULL, NULL, NULL, NULL, NULL, NULL, NULL, NULL, NULL, NULL, NULL),
(247, 'John', 'Wooding', 'JWooding@yahoo.com', '9192749847', '1957-02-14', 'M', NULL, NULL, NULL, NULL, NULL, NULL, NULL, NULL, NULL, NULL, NULL, NULL, NULL, NULL),
(248, 'Victoria', 'Woshner', 'VWoshner@yahoo.com', '2173282159', '1961-09-15', 'F', NULL, NULL, NULL, NULL, NULL, NULL, NULL, NULL, NULL, NULL, NULL, NULL, NULL, NULL),
(249, 'Richard', 'Minnis', 'RMinnis@yahoo.com', '6623242728', '1966-04-24', 'M', NULL, NULL, NULL, NULL, NULL, NULL, NULL, NULL, NULL, NULL, NULL, NULL, NULL, NULL),
(250, 'Sharon', 'Fuller', 'SFuller@yahoo.com', '8067447709', '1980-04-05', 'F', NULL, NULL, NULL, NULL, NULL, NULL, NULL, NULL, NULL, NULL, NULL, NULL, NULL, NULL),
(251, 'Daniel', 'O Keefe', 'DO Keefe@yahoo.com', '9898287300', '1977-04-03', 'M', NULL, NULL, NULL, NULL, NULL, NULL, NULL, NULL, NULL, NULL, NULL, NULL, NULL, NULL),
(252, 'Philip', 'Barbour', 'PBarbour@yahoo.com', '6624554166', '1950-12-19', 'M', NULL, NULL, NULL, NULL, NULL, NULL, NULL, NULL, NULL, NULL, NULL, NULL, NULL, NULL),
(253, 'Brian', 'Dorr', 'BDorr@yahoo.com', '6623258215', '1963-04-25', 'M', NULL, NULL, NULL, NULL, NULL, NULL, NULL, NULL, NULL, NULL, NULL, NULL, NULL, NULL),
(254, 'Jennifer', 'Kross', 'JKross@yahoo.com', '5617322622', '1976-01-29', 'F', NULL, NULL, NULL, NULL, NULL, NULL, NULL, NULL, NULL, NULL, NULL, NULL, NULL, NULL),
(255, 'Sharyn', 'Hood', 'SHood@yahoo.com', '4106614062', '1976-05-31', 'F', NULL, NULL, NULL, NULL, NULL, NULL, NULL, NULL, NULL, NULL, NULL, NULL, NULL, NULL),
(256, 'Ivan', 'Llerandi-Roman', 'ILlerandi-Roman@yahoo.com', '7875283462', '1978-04-04', 'M', NULL, NULL, NULL, NULL, NULL, NULL, NULL, NULL, NULL, NULL, NULL, NULL, NULL, NULL),
(257, 'Brad', 'Holder', 'BHolder@yahoo.com', '6625136336', '1977-12-18', 'M', NULL, NULL, NULL, NULL, NULL, NULL, NULL, NULL, NULL, NULL, NULL, NULL, NULL, NULL),
(258, 'Theresa', 'Childers', 'TChilders@yahoo.com', '9707265625', '1977-05-11', 'F', NULL, NULL, NULL, NULL, NULL, NULL, NULL, NULL, NULL, NULL, NULL, NULL, NULL, NULL),
(259, 'Kevin', 'Brunke', 'KBrunke@yahoo.com', '5738336489', '1982-05-20', 'M', NULL, NULL, NULL, NULL, NULL, NULL, NULL, NULL, NULL, NULL, NULL, NULL, NULL, NULL),
(260, 'Sabrina', 'Chandler', 'SChandler@yahoo.com', '2284758010', '1981-06-18', 'F', NULL, NULL, NULL, NULL, NULL, NULL, NULL, NULL, NULL, NULL, NULL, NULL, NULL, NULL),
(261, 'Andrea', 'Cooper', 'ACooper@yahoo.com', '6622725078', '1981-04-26', 'F', NULL, NULL, NULL, NULL, NULL, NULL, NULL, NULL, NULL, NULL, NULL, NULL, NULL, NULL),
(262, 'James', 'Havens', 'JHavens@yahoo.com', '6624645458', '1980-07-15', 'M', NULL, NULL, NULL, NULL, NULL, NULL, NULL, NULL, NULL, NULL, NULL, NULL, NULL, NULL),
(263, 'Robert', 'Hayes', 'RHayes@yahoo.com', '8505545217', '1981-01-22', 'M', NULL, NULL, NULL, NULL, NULL, NULL, NULL, NULL, NULL, NULL, NULL, NULL, NULL, NULL),
(264, 'Aaron', 'Pearse', 'APearse@yahoo.com', '9702069132', '1976-05-20', 'M', NULL, NULL, NULL, NULL, NULL, NULL, NULL, NULL, NULL, NULL, NULL, NULL, NULL, NULL),
(265, 'Heather', 'Theel', 'HTheel@yahoo.com', '6307320149', '1980-01-03', 'F', NULL, NULL, NULL, NULL, NULL, NULL, NULL, NULL, NULL, NULL, NULL, NULL, NULL, NULL),
(266, 'Lisa', 'Yager', 'LYager@yahoo.com', '6015582931', '1967-05-09', 'F', NULL, NULL, NULL, NULL, NULL, NULL, NULL, NULL, NULL, NULL, NULL, NULL, NULL, NULL),
(268, 'Forrest', 'Wynne', 'FWynne@yahoo.com', '2019424064', '1960-08-17', 'M', NULL, NULL, NULL, NULL, NULL, NULL, NULL, NULL, NULL, NULL, NULL, NULL, NULL, NULL),
(269, 'Jason', 'Yarbrough', 'JYarbrough@yahoo.com', '3345025317', '1973-10-21', 'M', NULL, NULL, NULL, NULL, NULL, NULL, NULL, NULL, NULL, NULL, NULL, NULL, NULL, NULL),
(270, 'Gregory', 'Yarrow', 'GYarrow@yahoo.com', '8646567370', '1955-06-26', 'M', NULL, NULL, NULL, NULL, NULL, NULL, NULL, NULL, NULL, NULL, NULL, NULL, NULL, NULL),
(274, 'Marcus', 'Spencer', 'MSpencer@yahoo.com', '6018431385', '1957-06-10', 'M', NULL, NULL, NULL, NULL, NULL, NULL, NULL, NULL, NULL, NULL, NULL, NULL, NULL, NULL),
(275, 'Lynn', 'Stacey', 'LStacey@yahoo.com', '6155739338', '1964-08-18', 'F', NULL, NULL, NULL, NULL, NULL, NULL, NULL, NULL, NULL, NULL, NULL, NULL, NULL, NULL),
(276, 'Charles', 'Staten', 'CStaten@yahoo.com', '4095648375', '1953-01-10', 'M', NULL, NULL, NULL, NULL, NULL, NULL, NULL, NULL, NULL, NULL, NULL, NULL, NULL, NULL),
(277, 'Scott', 'Stephens', 'SStephens@yahoo.com', '5153362490', '1970-08-12', 'M', NULL, NULL, NULL, NULL, NULL, NULL, NULL, NULL, NULL, NULL, NULL, NULL, NULL, NULL),
(278, 'Aberdeen', 'Stewart', 'AStewart@yahoo.com', '6623234286', '1956-05-15', 'M', NULL, NULL, NULL, NULL, NULL, NULL, NULL, NULL, NULL, NULL, NULL, NULL, NULL, NULL),
(279, 'David', 'Straus', 'DStraus@yahoo.com', '5138633716', '1960-05-03', 'M', NULL, NULL, NULL, NULL, NULL, NULL, NULL, NULL, NULL, NULL, NULL, NULL, NULL, NULL),
(280, 'Roy', 'Stonecypher', 'RStonecypher@yahoo.com', '2067486015', '1963-02-27', 'M', NULL, NULL, NULL, NULL, NULL, NULL, NULL, NULL, NULL, NULL, NULL, NULL, NULL, NULL),
(282, 'John', 'Stys', 'JStys@yahoo.com', '4122227674', '1966-03-18', 'M', NULL, NULL, NULL, NULL, NULL, NULL, NULL, NULL, NULL, NULL, NULL, NULL, NULL, NULL),
(283, 'Abdul Halim', 'Sulaiman', 'ASulaiman@yahoo.com', '6623236199', '1952-09-12', 'M', NULL, NULL, NULL, NULL, NULL, NULL, NULL, NULL, NULL, NULL, NULL, NULL, NULL, NULL),
(284, 'Curtis', 'Summerlin', 'CSummerlin@yahoo.com', '6019565214', '1963-07-01', 'M', NULL, NULL, NULL, NULL, NULL, NULL, NULL, NULL, NULL, NULL, NULL, NULL, NULL, NULL),
(285, 'Kevin', 'Sulliven', 'KSulliven@yahoo.com', '2012331940', '1965-12-26', 'M', NULL, NULL, NULL, NULL, NULL, NULL, NULL, NULL, NULL, NULL, NULL, NULL, NULL, NULL),
(286, 'Perry', 'Sumner', 'PSumner@yahoo.com', '9193323578', '1956-06-09', 'M', NULL, NULL, NULL, NULL, NULL, NULL, NULL, NULL, NULL, NULL, NULL, NULL, NULL, NULL),
(288, 'Willie', 'Tomlinson', 'WTomlinson@yahoo.com', '6013253133', '1950-07-11', 'M', NULL, NULL, NULL, NULL, NULL, NULL, NULL, NULL, NULL, NULL, NULL, NULL, NULL, NULL),
(289, 'Randy', 'Tucker', 'RTucker@yahoo.com', '2148722684', '1955-05-19', 'M', NULL, NULL, NULL, NULL, NULL, NULL, NULL, NULL, NULL, NULL, NULL, NULL, NULL, NULL),
(290, 'William', 'Uihlein', 'WUihlein@yahoo.com', '6013239745', '1962-05-03', 'M', NULL, NULL, NULL, NULL, NULL, NULL, NULL, NULL, NULL, NULL, NULL, NULL, NULL, NULL),
(291, 'Jeffrey', 'Underwood', 'JUnderwood@yahoo.com', '6018683892', '1955-03-21', 'M', NULL, NULL, NULL, NULL, NULL, NULL, NULL, NULL, NULL, NULL, NULL, NULL, NULL, NULL),
(293, 'Billy', 'Teels', 'BTeels@yahoo.com', '6623237296', '1947-10-15', 'M', NULL, NULL, NULL, NULL, NULL, NULL, NULL, NULL, NULL, NULL, NULL, NULL, NULL, NULL),
(294, 'James', 'Tidwell', 'JTidwell@yahoo.com', '6623237255', '1955-09-02', 'M', NULL, NULL, NULL, NULL, NULL, NULL, NULL, NULL, NULL, NULL, NULL, NULL, NULL, NULL),
(295, 'Pakorn', 'Unprasert', 'PUnprasert@yahoo.com', '6623258875', '1955-10-16', 'M', NULL, NULL, NULL, NULL, NULL, NULL, NULL, NULL, NULL, NULL, NULL, NULL, NULL, NULL),
(296, 'Robert', 'Vanderhoof', 'RVanderhoof@yahoo.com', '4147434937', '1958-03-20', 'M', NULL, NULL, NULL, NULL, NULL, NULL, NULL, NULL, NULL, NULL, NULL, NULL, NULL, NULL),
(297, 'Gomut', 'Unsrisong', 'GUnsrisong@yahoo.com', '6623255593', '1949-02-21', 'F', NULL, NULL, NULL, NULL, NULL, NULL, NULL, NULL, NULL, NULL, NULL, NULL, NULL, NULL),
(299, 'Richard', 'Vanhoosen', 'RVanhoosen@yahoo.com', '3144450609', '1963-01-31', 'M', NULL, NULL, NULL, NULL, NULL, NULL, NULL, NULL, NULL, NULL, NULL, NULL, NULL, NULL),
(300, 'Mark', 'Vrtiska', 'MVrtiska@yahoo.com', '4022281867', '1963-12-21', 'M', NULL, NULL, NULL, NULL, NULL, NULL, NULL, NULL, NULL, NULL, NULL, NULL, NULL, NULL),
(301, 'Guy', 'Wagner', 'GWagner@yahoo.com', '2088435509', '1954-03-31', 'M', NULL, NULL, NULL, NULL, NULL, NULL, NULL, NULL, NULL, NULL, NULL, NULL, NULL, NULL),
(303, 'Keith', 'Weaver', 'KWeaver@yahoo.com', '2153235030', '1957-10-03', 'M', NULL, NULL, NULL, NULL, NULL, NULL, NULL, NULL, NULL, NULL, NULL, NULL, NULL, NULL),
(304, 'Bobby', 'Wilson', 'BWilson@yahoo.com', '6623238392', '1942-10-28', 'M', NULL, NULL, NULL, NULL, NULL, NULL, NULL, NULL, NULL, NULL, NULL, NULL, NULL, NULL),
(305, 'Timothy', 'Wilson', 'TWilson@yahoo.com', '5174230898', '1969-11-05', 'M', NULL, NULL, NULL, NULL, NULL, NULL, NULL, NULL, NULL, NULL, NULL, NULL, NULL, NULL),
(306, 'William', 'Wingo', 'WWingo@yahoo.com', '6013273262', '1953-02-17', 'M', NULL, NULL, NULL, NULL, NULL, NULL, NULL, NULL, NULL, NULL, NULL, NULL, NULL, NULL),
(307, 'Leah', 'Bray', 'LBray@yahoo.com', '6018365480', '1973-12-07', 'F', NULL, NULL, NULL, NULL, NULL, NULL, NULL, NULL, NULL, NULL, NULL, NULL, NULL, NULL),
(308, 'Brett', 'Wehrle', 'BWehrle@yahoo.com', '6623243334', '1965-01-21', 'M', NULL, NULL, NULL, NULL, NULL, NULL, NULL, NULL, NULL, NULL, NULL, NULL, NULL, NULL),
(309, 'Alice', 'White', 'AWhite@yahoo.com', '6017462835', '1956-01-25', 'F', NULL, NULL, NULL, NULL, NULL, NULL, NULL, NULL, NULL, NULL, NULL, NULL, NULL, NULL),
(310, 'Thomas', 'White', 'TWhite@yahoo.com', '6158767954', '1961-09-25', 'M', NULL, NULL, NULL, NULL, NULL, NULL, NULL, NULL, NULL, NULL, NULL, NULL, NULL, NULL),
(311, 'John', 'Wooding', 'JWooding@yahoo.com', '9192749847', '1957-02-14', 'M', NULL, NULL, NULL, NULL, NULL, NULL, NULL, NULL, NULL, NULL, NULL, NULL, NULL, NULL),
(312, 'Victoria', 'Woshner', 'VWoshner@yahoo.com', '2173282159', '1961-09-15', 'F', NULL, NULL, NULL, NULL, NULL, NULL, NULL, NULL, NULL, NULL, NULL, NULL, NULL, NULL),
(313, 'Qifeng', 'Ye', 'QYe@yahoo.com', '6623253830', '1969-01-02', 'F', NULL, NULL, NULL, NULL, NULL, NULL, NULL, NULL, NULL, NULL, NULL, NULL, NULL, NULL),
(314, 'Zhan', 'Zhang', 'ZZhang@yahoo.com', '6623258875', '1956-01-30', 'M', NULL, NULL, NULL, NULL, NULL, NULL, NULL, NULL, NULL, NULL, NULL, NULL, NULL, NULL),
(315, 'Patrick', 'Zollner', 'PZollner@yahoo.com', '1560116170', '1967-06-11', 'M', NULL, NULL, NULL, NULL, NULL, NULL, NULL, NULL, NULL, NULL, NULL, NULL, NULL, NULL),
(320, 'Michael', 'Johnson', 'MJohnson@yahoo.com', '5019676722', '1967-10-18', 'M', NULL, NULL, NULL, NULL, NULL, NULL, NULL, NULL, NULL, NULL, NULL, NULL, NULL, NULL),
(321, 'Jeanne', 'Hartley', 'JHartley@yahoo.com', '6017932659', '1953-12-04', 'F', NULL, NULL, NULL, NULL, NULL, NULL, NULL, NULL, NULL, NULL, NULL, NULL, NULL, NULL),
(322, 'Galen', 'Jons', 'GJons@yahoo.com', '6056542540', '1968-05-01', 'M', NULL, NULL, NULL, NULL, NULL, NULL, NULL, NULL, NULL, NULL, NULL, NULL, NULL, NULL),
(323, 'Raymond', 'Kagel Jr', 'RKagel Jr@yahoo.com', '8032771974', '1950-01-14', 'M', NULL, NULL, NULL, NULL, NULL, NULL, NULL, NULL, NULL, NULL, NULL, NULL, NULL, NULL),
(324, 'Randall', 'Kelly', 'RKelly@yahoo.com', '3046231868', '1963-09-10', 'M', NULL, NULL, NULL, NULL, NULL, NULL, NULL, NULL, NULL, NULL, NULL, NULL, NULL, NULL);

-- --------------------------------------------------------

--
-- Table structure for table `degree`
--

CREATE TABLE `degree` (
  `degreeID` int(11) NOT NULL,
  `alumniID` int(11) NOT NULL,
  `major` varchar(50) NOT NULL,
  `minor` varchar(50) DEFAULT NULL,
  `graduationDT` date DEFAULT NULL,
  `university` varchar(100) DEFAULT NULL,
  `city` varchar(50) DEFAULT NULL,
  `state` varchar(2) DEFAULT NULL
) ENGINE=InnoDB DEFAULT CHARSET=utf8mb4 COLLATE=utf8mb4_general_ci;

--
-- Dumping data for table `degree`
--

INSERT INTO `degree` (`degreeID`, `alumniID`, `major`, `minor`, `graduationDT`, `university`, `city`, `state`) VALUES
(101, 202, 'MIS', 'Accounting', '2023-12-09', 'Kennesaw State University', 'Kennesaw', 'GA'),
(102, 203, 'MIS', '', '2020-05-12', 'Kennesaw State University', 'Kennesaw', 'GA'),
(103, 204, 'MIS', '', '2020-05-12', 'Kennesaw State University', 'Kennesaw', 'GA'),
(104, 205, 'MIS', '', '2021-05-11', 'Kennesaw State University', 'Kennesaw', 'GA'),
(105, 207, 'MIS', '', '2020-05-12', 'Kennesaw State University', 'Kennesaw', 'GA'),
(106, 208, 'MIS', '', '2020-12-12', 'Kennesaw State University', 'Kennesaw', 'GA'),
(107, 209, 'MIS', 'Management', '2022-05-10', 'Kennesaw State University', 'Kennesaw', 'GA'),
(108, 210, 'MIS', '', '2022-12-10', 'Kennesaw State University', 'Kennesaw', 'GA'),
(109, 211, 'MIS', '', '2023-12-09', 'Kennesaw State University', 'Kennesaw', 'GA'),
(110, 212, 'MIS', '', '2023-12-09', 'Kennesaw State University', 'Kennesaw', 'GA'),
(111, 213, 'MIS', '', '2022-05-10', 'Kennesaw State University', 'Kennesaw', 'GA'),
(112, 214, 'MIS', '', '2022-05-10', 'Kennesaw State University', 'Kennesaw', 'GA'),
(113, 215, 'MIS', '', '2022-12-10', 'Kennesaw State University', 'Kennesaw', 'GA'),
(114, 216, 'MIS', '', '2020-05-12', 'Kennesaw State University', 'Kennesaw', 'GA'),
(115, 217, 'MIS', '', '2020-05-12', 'Kennesaw State University', 'Kennesaw', 'GA'),
(116, 218, 'MIS', '', '2020-12-12', 'Kennesaw State University', 'Kennesaw', 'GA'),
(117, 219, 'MIS', '', '2022-05-10', 'Kennesaw State University', 'Kennesaw', 'GA'),
(118, 220, 'MIS', '', '2022-12-10', 'Kennesaw State University', 'Kennesaw', 'GA'),
(119, 229, 'MIS', '', '2022-05-10', 'Kennesaw State University', 'Kennesaw', 'GA'),
(121, 233, 'MIS', '', '2021-05-11', 'Kennesaw State University', 'Kennesaw', 'GA'),
(122, 234, 'MIS', '', '2022-05-10', 'Kennesaw State University', 'Kennesaw', 'GA'),
(123, 235, 'MIS', '', '2022-12-10', 'Kennesaw State University', 'Kennesaw', 'GA'),
(124, 236, 'MIS', '', '2023-12-09', 'Kennesaw State University', 'Kennesaw', 'GA'),
(125, 237, 'MIS', '', '2023-12-09', 'Kennesaw State University', 'Kennesaw', 'GA'),
(126, 238, 'MIS', '', '2021-05-11', 'Kennesaw State University', 'Kennesaw', 'GA'),
(127, 239, 'MIS', '', '2020-05-12', 'Kennesaw State University', 'Kennesaw', 'GA'),
(128, 240, 'MIS', '', '2020-12-12', 'Kennesaw State University', 'Kennesaw', 'GA'),
(129, 241, 'MIS', '', '2022-05-10', 'Kennesaw State University', 'Kennesaw', 'GA'),
(130, 242, 'MIS', '', '2022-12-10', 'Kennesaw State University', 'Kennesaw', 'GA'),
(131, 243, 'MIS', '', '2023-12-09', 'Kennesaw State University', 'Kennesaw', 'GA'),
(133, 245, 'MIS', '', '2020-12-12', 'Kennesaw State University', 'Kennesaw', 'GA'),
(134, 246, 'MIS', '', '2023-05-09', 'Kennesaw State University', 'Kennesaw', 'GA'),
(135, 247, 'MIS', '', '2023-05-09', 'Kennesaw State University', 'Kennesaw', 'GA'),
(136, 248, 'MIS', '', '2020-12-12', 'Kennesaw State University', 'Kennesaw', 'GA'),
(137, 249, 'MIS', '', '2024-05-08', 'Kennesaw State University', 'Kennesaw', 'GA'),
(138, 250, 'MIS', '', '2021-05-11', 'Kennesaw State University', 'Kennesaw', 'GA'),
(139, 251, 'MIS', '', '2022-05-10', 'Kennesaw State University', 'Kennesaw', 'GA'),
(140, 252, 'MIS', '', '2021-05-11', 'Kennesaw State University', 'Kennesaw', 'GA'),
(141, 253, 'MIS', '', '2020-05-12', 'Kennesaw State University', 'Kennesaw', 'GA'),
(142, 254, 'MIS', '', '2020-12-12', 'Kennesaw State University', 'Kennesaw', 'GA'),
(143, 255, 'MIS', 'Marketing', '2020-05-12', 'Kennesaw State University', 'Kennesaw', 'GA'),
(144, 256, 'MIS', '', '2023-05-09', 'Kennesaw State University', 'Kennesaw', 'GA'),
(145, 257, 'MIS', '', '2020-12-12', 'Kennesaw State University', 'Kennesaw', 'GA'),
(146, 258, 'MIS', '', '2021-12-11', 'Kennesaw State University', 'Kennesaw', 'GA'),
(147, 259, 'MIS', '', '2022-12-10', 'Kennesaw State University', 'Kennesaw', 'GA'),
(148, 260, 'MIS', '', '2023-05-09', 'Kennesaw State University', 'Kennesaw', 'GA'),
(149, 261, 'MIS', '', '2023-05-09', 'Kennesaw State University', 'Kennesaw', 'GA'),
(150, 262, 'MIS', '', '2021-12-11', 'Kennesaw State University', 'Kennesaw', 'GA'),
(151, 263, 'MIS', '', '2022-05-10', 'Kennesaw State University', 'Kennesaw', 'GA'),
(152, 264, 'MIS', '', '2023-12-09', 'Kennesaw State University', 'Kennesaw', 'GA'),
(153, 265, 'MIS', '', '2020-12-12', 'Kennesaw State University', 'Kennesaw', 'GA'),
(154, 266, 'MIS', '', '2023-05-09', 'Kennesaw State University', 'Kennesaw', 'GA'),
(155, 268, 'MIS', '', '2022-12-10', 'Kennesaw State University', 'Kennesaw', 'GA'),
(156, 269, 'MIS', '', '2020-05-12', 'Kennesaw State University', 'Kennesaw', 'GA'),
(157, 270, 'MIS', '', '2020-12-12', 'Kennesaw State University', 'Kennesaw', 'GA'),
(158, 274, 'MIS', '', '2021-05-11', 'Kennesaw State University', 'Kennesaw', 'GA'),
(159, 275, 'MIS', '', '2021-05-11', 'Kennesaw State University', 'Kennesaw', 'GA'),
(160, 276, 'MIS', '', '2021-12-11', 'Kennesaw State University', 'Kennesaw', 'GA'),
(161, 277, 'MIS', '', '2020-05-12', 'Kennesaw State University', 'Kennesaw', 'GA'),
(162, 278, 'MIS', '', '2020-12-12', 'Kennesaw State University', 'Kennesaw', 'GA'),
(163, 279, 'MIS', '', '2021-05-11', 'Kennesaw State University', 'Kennesaw', 'GA'),
(164, 280, 'MIS', '', '2022-05-10', 'Kennesaw State University', 'Kennesaw', 'GA'),
(165, 282, 'MIS', '', '2022-12-10', 'Kennesaw State University', 'Kennesaw', 'GA'),
(166, 283, 'MIS', '', '2023-05-09', 'Kennesaw State University', 'Kennesaw', 'GA'),
(167, 284, 'MIS', '', '2021-12-11', 'Kennesaw State University', 'Kennesaw', 'GA'),
(168, 285, 'MIS', '', '2022-05-10', 'Kennesaw State University', 'Kennesaw', 'GA'),
(169, 286, 'MIS', '', '2022-12-10', 'Kennesaw State University', 'Kennesaw', 'GA'),
(170, 288, 'MIS', '', '2023-05-09', 'Kennesaw State University', 'Kennesaw', 'GA'),
(171, 289, 'MIS', '', '2023-12-09', 'Kennesaw State University', 'Kennesaw', 'GA'),
(172, 290, 'MIS', '', '2022-12-10', 'Kennesaw State University', 'Kennesaw', 'GA'),
(173, 291, 'MIS', '', '2021-12-11', 'Kennesaw State University', 'Kennesaw', 'GA'),
(174, 293, 'MIS', '', '2020-05-12', 'Kennesaw State University', 'Kennesaw', 'GA'),
(175, 294, 'MIS', '', '2020-12-12', 'Kennesaw State University', 'Kennesaw', 'GA'),
(176, 295, 'MIS', '', '2021-05-11', 'Kennesaw State University', 'Kennesaw', 'GA'),
(177, 296, 'MIS', '', '2022-05-10', 'Kennesaw State University', 'Kennesaw', 'GA'),
(178, 297, 'MIS', '', '2022-12-10', 'Kennesaw State University', 'Kennesaw', 'GA'),
(179, 299, 'MIS', '', '2023-12-09', 'Kennesaw State University', 'Kennesaw', 'GA'),
(180, 300, 'MIS', '', '2021-12-11', 'Kennesaw State University', 'Kennesaw', 'GA'),
(181, 301, 'MIS', '', '2022-12-10', 'Kennesaw State University', 'Kennesaw', 'GA'),
(182, 303, 'MIS', '', '2023-05-09', 'Kennesaw State University', 'Kennesaw', 'GA'),
(183, 304, 'MIS', '', '2023-12-09', 'Kennesaw State University', 'Kennesaw', 'GA'),
(184, 305, 'MIS', '', '2020-05-12', 'Kennesaw State University', 'Kennesaw', 'GA'),
(185, 306, 'MIS', '', '2020-12-12', 'Kennesaw State University', 'Kennesaw', 'GA'),
(186, 307, 'MIS', '', '2021-05-11', 'Kennesaw State University', 'Kennesaw', 'GA'),
(187, 308, 'MIS', '', '2022-05-10', 'Kennesaw State University', 'Kennesaw', 'GA'),
(188, 309, 'MIS', '', '2022-12-10', 'Kennesaw State University', 'Kennesaw', 'GA'),
(189, 310, 'MIS', '', '2023-05-09', 'Kennesaw State University', 'Kennesaw', 'GA'),
(190, 311, 'MIS', '', '2023-12-09', 'Kennesaw State University', 'Kennesaw', 'GA'),
(191, 312, 'MIS', '', '2021-12-11', 'Kennesaw State University', 'Kennesaw', 'GA'),
(192, 313, 'MIS', '', '2021-05-11', 'Kennesaw State University', 'Kennesaw', 'GA'),
(193, 314, 'MIS', '', '2022-05-10', 'Kennesaw State University', 'Kennesaw', 'GA'),
(194, 315, 'MIS', '', '2022-12-10', 'Kennesaw State University', 'Kennesaw', 'GA'),
(195, 320, 'MIS', '', '2023-05-09', 'Kennesaw State University', 'Kennesaw', 'GA'),
(196, 321, 'MIS', '', '2023-12-09', 'Kennesaw State University', 'Kennesaw', 'GA'),
(197, 322, 'MIS', '', '2021-12-11', 'Kennesaw State University', 'Kennesaw', 'GA'),
(198, 323, 'MIS', '', '2022-12-10', 'Kennesaw State University', 'Kennesaw', 'GA'),
(199, 324, 'MIS', '', '2023-05-09', 'Kennesaw State University', 'Kennesaw', 'GA');

-- --------------------------------------------------------

--
-- Table structure for table `donations`
--

CREATE TABLE `donations` (
  `donationID` int(11) NOT NULL,
  `alumniID` int(11) NOT NULL,
  `donationAmt` decimal(11,2) NOT NULL,
  `donationDT` date NOT NULL,
  `reason` varchar(200) DEFAULT NULL,
  `description` varchar(200) DEFAULT NULL
) ENGINE=InnoDB DEFAULT CHARSET=utf8mb4 COLLATE=utf8mb4_general_ci;

--
-- Dumping data for table `donations`
--

INSERT INTO `donations` (`donationID`, `alumniID`, `donationAmt`, `donationDT`, `reason`, `description`) VALUES
(100, 211, 500.00, '2023-01-08', '', ''),
(101, 220, 250.00, '2023-05-10', '', ''),
(102, 260, 1000.00, '2022-03-22', '', ''),
(103, 279, 500.00, '2022-06-22', '', ''),
(104, 297, 10000.00, '2022-11-03', '', ''),
(105, 306, 2500.00, '2023-07-06', '', ''),
(106, 320, 5000.00, '2023-06-03', '', ''),
(107, 323, 750.00, '2023-12-17', '', '');

-- --------------------------------------------------------

--
-- Table structure for table `employment`
--

CREATE TABLE `employment` (
  `EID` int(11) NOT NULL,
  `alumniID` int(11) NOT NULL,
  `company` varchar(50) NOT NULL,
  `city` varchar(50) DEFAULT NULL,
  `state` varchar(2) DEFAULT NULL,
  `zip` varchar(10) DEFAULT NULL,
  `jobTitle` varchar(100) DEFAULT NULL,
  `startDate` date DEFAULT NULL,
  `endDate` date DEFAULT NULL,
  `currentYN` varchar(1) DEFAULT NULL,
  `notes` varchar(100) DEFAULT NULL
) ENGINE=InnoDB DEFAULT CHARSET=utf8mb4 COLLATE=utf8mb4_general_ci;

--
-- Dumping data for table `employment`
--

INSERT INTO `employment` (`EID`, `alumniID`, `company`, `city`, `state`, `zip`, `jobTitle`, `startDate`, `endDate`, `currentYN`, `notes`) VALUES
(101, 202, 'Microsoft ', 'Atlanta ', 'GA', '30075', NULL, '2021-06-01', '2023-05-31', 'N', NULL),
(103, 204, 'Health Co.', 'Atlanta', 'GA', '30144', 'Data Analyst ', '2019-03-12', '2022-04-08', NULL, NULL),
(1001, 202, 'Data Dynamics', 'Savannah', 'GA', '31401', 'Data Analyst', '2016-11-11', NULL, 'Y', NULL),
(1002, 203, 'Healthcare Innovations', 'Augusta', 'GA', '30901', 'Medical Assistant', '2020-07-05', NULL, 'Y', NULL),
(1003, 204, 'Consulting Experts LLC', 'Macon', 'GA', '31201', 'Management Consultant', '2024-05-24', NULL, 'Y', NULL),
(1004, 205, 'Innovative Designs Co', 'Athens', 'GA', '30601', 'Graphic Designer', '2023-06-03', NULL, 'Y', NULL),
(1005, 207, 'Logistics Solutions', 'Columbus', 'GA', '31901', 'Logistics Coordinator', '2018-12-26', NULL, 'Y', NULL),
(1006, 208, 'Global Services Corp', 'Albany', 'GA', '31701', 'Financial Analyst', '2015-05-06', NULL, 'Y', NULL),
(1007, 209, 'Education Solutions', 'Valdosta', 'GA', '31601', 'Teacher', '2019-09-28', NULL, 'Y', NULL),
(1008, 210, 'Manufacturing Inc', 'Gainesville', 'GA', '30501', 'Production Supervisor', '2022-03-28', NULL, 'Y', NULL),
(1009, 211, 'Financial Strategies', 'Rome', 'GA', '30161', 'Financial Advisor', '2023-07-04', NULL, 'Y', NULL),
(1010, 212, 'Creative Minds Agency', 'Dalton', 'GA', '30720', 'Marketing Manager', '2015-11-15', NULL, 'Y', NULL),
(1011, 213, 'Technology Partners', 'Warner Robins', 'GA', '31088', 'IT Specialist', '2016-07-08', NULL, 'Y', NULL),
(1012, 214, 'Real Estate Group', 'Johns Creek', 'GA', '30005', 'Real Estate Agent', '2022-10-16', NULL, 'Y', NULL),
(1013, 215, 'Healthcare Solutions', 'Sandy Springs', 'GA', '30328', 'Nurse Practitioner', '2016-08-15', NULL, 'Y', NULL),
(1014, 216, 'Retail Innovations', 'Roswell', 'GA', '30075', 'Store Manager', '2021-10-04', NULL, 'Y', NULL),
(1015, 217, 'Engineering Solutions', 'Alpharetta', 'GA', '30004', 'Mechanical Engineer', '2018-04-07', NULL, 'Y', NULL),
(1016, 218, 'Legal Services Group', 'Marietta', 'GA', '30008', 'Attorney', '2018-04-10', NULL, 'Y', NULL),
(1017, 219, 'Hospitality Solutions', 'Smyrna', 'GA', '30080', 'Hotel Manager', '2021-03-06', NULL, 'Y', NULL),
(1018, 220, 'Construction Co', 'Brookhaven', 'GA', '30319', 'Construction Manager', '2021-10-01', NULL, 'Y', NULL),
(1019, 229, 'Media Productions', 'Dunwoody', 'GA', '30338', 'Videographer', '2019-06-21', NULL, 'Y', NULL),
(1021, 233, 'Tech Solutions Inc', 'Atlanta', 'GA', '30303', 'Software Engineer', '2022-06-29', NULL, 'Y', NULL),
(1022, 234, 'Data Dynamics', 'Savannah', 'GA', '31401', 'Data Analyst', '2021-03-15', NULL, 'Y', NULL),
(1023, 235, 'Healthcare Innovations', 'Augusta', 'GA', '30901', 'Medical Assistant', '2018-08-01', NULL, 'Y', NULL),
(1024, 236, 'Consulting Experts LLC', 'Macon', 'GA', '31201', 'Management Consultant', '2022-08-09', NULL, 'Y', NULL),
(1025, 237, 'Innovative Designs Co', 'Athens', 'GA', '30601', 'Graphic Designer', '2017-10-06', NULL, 'Y', NULL),
(1026, 238, 'Logistics Solutions', 'Columbus', 'GA', '31901', 'Logistics Coordinator', '2023-10-13', NULL, 'Y', NULL),
(1027, 239, 'Global Services Corp', 'Albany', 'GA', '31701', 'Financial Analyst', '2021-06-11', NULL, 'Y', NULL),
(1028, 240, 'Education Solutions', 'Valdosta', 'GA', '31601', 'Teacher', '2021-01-12', NULL, 'Y', NULL),
(1029, 241, 'Manufacturing Inc', 'Gainesville', 'GA', '30501', 'Production Supervisor', '2023-01-29', NULL, 'Y', NULL),
(1030, 242, 'Financial Strategies', 'Rome', 'GA', '30161', 'Financial Advisor', '2020-06-22', NULL, 'Y', NULL),
(1031, 243, 'Creative Minds Agency', 'Dalton', 'GA', '30720', 'Marketing Manager', '2016-04-01', NULL, 'Y', NULL),
(1032, 245, 'Technology Partners', 'Warner Robins', 'GA', '31088', 'IT Specialist', '2019-01-06', NULL, 'Y', NULL),
(1033, 246, 'Real Estate Group', 'Johns Creek', 'GA', '30005', 'Real Estate Agent', '2020-09-29', NULL, 'Y', NULL),
(1034, 247, 'Healthcare Solutions', 'Sandy Springs', 'GA', '30328', 'Nurse Practitioner', '2019-01-13', NULL, 'Y', NULL),
(1035, 248, 'Retail Innovations', 'Roswell', 'GA', '30075', 'Store Manager', '2020-06-09', NULL, 'Y', NULL),
(1036, 249, 'Engineering Solutions', 'Alpharetta', 'GA', '30004', 'Mechanical Engineer', '2018-08-22', NULL, 'Y', NULL),
(1037, 250, 'Legal Services Group', 'Marietta', 'GA', '30008', 'Attorney', '2022-09-11', NULL, 'Y', NULL),
(1038, 251, 'Hospitality Solutions', 'Smyrna', 'GA', '30080', 'Hotel Manager', '2017-08-30', NULL, 'Y', NULL),
(1039, 252, 'Construction Co', 'Brookhaven', 'GA', '30319', 'Construction Manager', '2020-05-18', NULL, 'Y', NULL),
(1040, 253, 'Media Productions', 'Dunwoody', 'GA', '30338', 'Videographer', '2020-11-07', NULL, 'Y', ''),
(1041, 254, 'Tech Solutions Inc', 'Atlanta', 'GA', '30303', 'Software Engineer', '2020-08-29', NULL, 'Y', NULL),
(1042, 255, 'Data Dynamics', 'Savannah', 'GA', '31401', 'Data Analyst', '2015-06-04', NULL, 'Y', NULL),
(1043, 256, 'Healthcare Innovations', 'Augusta', 'GA', '30901', 'Medical Assistant', '2015-01-15', NULL, 'Y', NULL),
(1044, 257, 'Consulting Experts LLC', 'Macon', 'GA', '31201', 'Management Consultant', '2020-12-02', NULL, 'Y', NULL),
(1045, 258, 'Innovative Designs Co', 'Athens', 'GA', '30601', 'Graphic Designer', '2015-08-31', NULL, 'Y', NULL),
(1046, 259, 'Logistics Solutions', 'Columbus', 'GA', '31901', 'Logistics Coordinator', '2015-03-13', NULL, 'Y', NULL),
(1047, 260, 'Global Services Corp', 'Albany', 'GA', '31701', 'Financial Analyst', '2019-04-26', NULL, 'Y', NULL),
(1048, 261, 'Education Solutions', 'Valdosta', 'GA', '31601', 'Teacher', '2022-08-04', NULL, 'Y', NULL),
(1049, 262, 'Manufacturing Inc', 'Gainesville', 'GA', '30501', 'Production Supervisor', '2019-04-03', NULL, 'Y', NULL),
(1050, 263, 'Financial Strategies', 'Rome', 'GA', '30161', 'Financial Advisor', '2022-04-22', NULL, 'Y', NULL),
(1051, 264, 'Creative Minds Agency', 'Dalton', 'GA', '30720', 'Marketing Manager', '2018-11-13', NULL, 'Y', NULL),
(1052, 265, 'Technology Partners', 'Warner Robins', 'GA', '31088', 'IT Specialist', '2018-03-11', NULL, 'Y', NULL),
(1053, 266, 'Real Estate Group', 'Johns Creek', 'GA', '30005', 'Real Estate Agent', '2019-11-29', NULL, 'Y', NULL),
(1054, 268, 'Healthcare Solutions', 'Sandy Springs', 'GA', '30328', 'Nurse Practitioner', '2024-07-01', NULL, 'Y', NULL),
(1055, 269, 'Retail Innovations', 'Roswell', 'GA', '30075', 'Store Manager', '2019-05-20', NULL, 'Y', ''),
(1056, 270, 'Engineering Solutions', 'Alpharetta', 'GA', '30004', 'Mechanical Engineer', '2015-12-28', NULL, 'Y', NULL),
(1057, 274, 'Legal Services Group', 'Marietta', 'GA', '30008', 'Attorney', '2021-04-09', NULL, 'Y', NULL),
(1058, 275, 'Hospitality Solutions', 'Smyrna', 'GA', '30080', 'Hotel Manager', '2018-05-12', NULL, 'Y', NULL),
(1059, 276, 'Construction Co', 'Brookhaven', 'GA', '30319', 'Construction Manager', '2019-07-26', NULL, 'Y', NULL),
(1060, 277, 'Media Productions', 'Dunwoody', 'GA', '30338', 'Videographer', '2016-09-29', NULL, 'Y', NULL),
(1061, 278, 'Tech Solutions Inc', 'Atlanta', 'GA', '30303', 'Software Engineer', '2020-07-01', NULL, 'Y', NULL),
(1062, 279, 'Data Dynamics', 'Savannah', 'GA', '31401', 'Data Analyst', '2020-01-04', NULL, 'Y', NULL),
(1063, 280, 'Healthcare Innovations', 'Augusta', 'GA', '30901', 'Medical Assistant', '2022-02-28', NULL, 'Y', NULL),
(1064, 282, 'Consulting Experts LLC', 'Macon', 'GA', '31201', 'Management Consultant', '2024-06-06', NULL, 'Y', NULL),
(1065, 283, 'Innovative Designs Co', 'Athens', 'GA', '30601', 'Graphic Designer', '2023-11-25', NULL, 'Y', NULL),
(1066, 284, 'Logistics Solutions', 'Columbus', 'GA', '31901', 'Logistics Coordinator', '2023-08-15', NULL, 'Y', NULL),
(1067, 285, 'Global Services Corp', 'Albany', 'GA', '31701', 'Financial Analyst', '2022-06-12', NULL, 'Y', NULL),
(1068, 286, 'Education Solutions', 'Valdosta', 'GA', '31601', 'Teacher', '2017-10-18', NULL, 'Y', NULL),
(1069, 288, 'Manufacturing Inc', 'Gainesville', 'GA', '30501', 'Production Supervisor', '2017-06-27', NULL, 'Y', NULL),
(1070, 289, 'Financial Strategies', 'Rome', 'GA', '30161', 'Financial Advisor', '2022-02-19', NULL, 'Y', NULL),
(1071, 290, 'Creative Minds Agency', 'Dalton', 'GA', '30720', 'Marketing Manager', '2022-10-21', NULL, 'Y', NULL),
(1072, 291, 'Technology Partners', 'Warner Robins', 'GA', '31088', 'IT Specialist', '2019-05-19', NULL, 'Y', NULL),
(1073, 293, 'Unemployed', '', '', '', '', '2023-03-27', NULL, 'Y', NULL),
(1074, 294, 'Real Estate Group', 'Johns Creek', 'GA', '30005', 'Real Estate Agent', '2021-04-04', NULL, 'Y', NULL),
(1075, 295, 'Healthcare Solutions', 'Sandy Springs', 'GA', '30328', 'Nurse Practitioner', '2022-01-01', NULL, 'Y', NULL),
(1076, 296, 'Retail Innovations', 'Roswell', 'GA', '30075', 'Store Manager', '2018-05-11', NULL, 'Y', NULL),
(1077, 297, 'Engineering Solutions', 'Alpharetta', 'GA', '30004', 'Mechanical Engineer', '2020-05-14', NULL, 'Y', NULL),
(1078, 299, 'Legal Services Group', 'Marietta', 'GA', '30008', 'Attorney', '2016-05-05', NULL, 'Y', NULL),
(1079, 300, 'Hospitality Solutions', 'Smyrna', 'GA', '30080', 'Hotel Manager', '2016-12-04', NULL, 'Y', NULL),
(1080, 301, 'Construction Co', 'Brookhaven', 'GA', '30319', 'Construction Manager', '2015-03-27', NULL, 'Y', NULL),
(1081, 303, 'Media Productions', 'Dunwoody', 'GA', '30338', 'Videographer', '2020-12-09', NULL, 'Y', NULL),
(1082, 304, 'Tech Innovations Group', 'Macon', 'GA', '31201', 'Systems Administrator', '2020-06-01', NULL, 'Y', NULL),
(1083, 305, 'Digital Solutions Co', 'Athens', 'GA', '30601', 'Network Engineer', '2016-02-29', NULL, 'Y', NULL),
(1084, 306, 'Cybersecurity Experts', 'Columbus', 'GA', '31901', 'Cybersecurity Analyst', '2020-06-10', NULL, 'Y', NULL),
(1085, 307, 'Software Solutions Inc', 'Albany', 'GA', '31701', 'Software Developer', '2016-09-27', NULL, 'Y', NULL),
(1086, 308, 'Cloud Computing Services', 'Valdosta', 'GA', '31601', 'Cloud Engineer', '2019-04-07', NULL, 'Y', NULL),
(1087, 309, 'Network Solutions', 'Gainesville', 'GA', '30501', 'Network Administrator', '2016-10-17', NULL, 'Y', NULL),
(1088, 310, 'IT Consulting Partners', 'Rome', 'GA', '30161', 'IT Consultant', '2017-01-22', NULL, 'Y', NULL),
(1089, 311, 'Web Development Company', 'Dalton', 'GA', '30720', 'Web Developer', '2021-01-30', NULL, 'Y', NULL),
(1090, 312, 'Tech Solutions Inc', 'Warner Robins', 'GA', '31088', 'IT Support Specialist', '2016-10-20', NULL, 'Y', NULL),
(1091, 313, 'Data Analytics Firm', 'Johns Creek', 'GA', '30005', 'Data Scientist', '2023-01-13', NULL, 'Y', NULL),
(1092, 314, 'Artificial Intelligence Solutions', 'Sandy Springs', 'GA', '30328', 'AI Engineer', '2017-10-06', NULL, 'Y', NULL),
(1093, 315, 'Tech Innovations Group', 'Roswell', 'GA', '30075', 'Systems Engineer', '2020-09-18', NULL, 'Y', NULL),
(1094, 320, 'Mobile App Development', 'Alpharetta', 'GA', '30004', 'Mobile App Developer', '2022-01-11', NULL, 'Y', NULL),
(1095, 321, 'Data Security Solutions', 'Marietta', 'GA', '30008', 'Information Security Analyst', '2019-08-25', NULL, 'Y', NULL),
(1096, 322, 'IT Infrastructure Services', 'Smyrna', 'GA', '30080', 'IT Infrastructure Manager', '2020-01-04', NULL, 'Y', NULL),
(1097, 323, 'Cloud Computing Solutions', 'Brookhaven', 'GA', '30319', 'Cloud Architect', '2018-06-29', NULL, 'Y', NULL),
(1098, 324, 'IT Services Company', 'Dunwoody', 'GA', '30338', 'IT Manager', '2015-09-09', NULL, 'Y', NULL);

-- --------------------------------------------------------

--
-- Table structure for table `newsletter`
--

CREATE TABLE `newsletter` (
  `NID` int(11) NOT NULL,
  `newsDate` date NOT NULL,
  `headline` varchar(200) DEFAULT NULL,
  `description` varchar(200) DEFAULT NULL,
  `link` varchar(200) DEFAULT NULL,
  `fileLoc` varchar(200) DEFAULT NULL
) ENGINE=InnoDB DEFAULT CHARSET=utf8mb4 COLLATE=utf8mb4_general_ci;

--
-- Dumping data for table `newsletter`
--

INSERT INTO `newsletter` (`NID`, `newsDate`, `headline`, `description`, `link`, `fileLoc`) VALUES
(1, '2023-09-01', 'Alumni Success Stories', 'Inspiring updates from recent grads and long-time leaders', 'http://alumni-news.com/success', 'success_stories_fall.pdf'),
(2, '2024-01-15', 'Upcoming Reunions & Events', 'Plan ahead for this year’s big alumni gatherings and virtual meetups', 'http://alumni-news.com/events', 'reunion_events_winter.pdf'),
(3, '2025-07-09', 'hey whats going on', 'we have make sure it sowejrjeljlejljlreljejlje rhhkfkskjhe', '', NULL),
(4, '2025-07-09', 'New Event ', '<p><strong>Hi Everybody,&nbsp;</strong></p>\r\n\r\n<p>This is a new even that will takes place in KSU.&nbsp;</p>\r\n', NULL, NULL),
(5, '2025-07-09', 'New Event ', '<p>Dear Benjamin Jones,</p>\r\n\r\n<p>I would like to invite you for our upcoming event as a speaker.&nbsp;</p>\r\n\r\n<p>&nbsp;</p>\r\n\r\n<p>&nbsp;</p>\r\n\r\n<p>&nbsp;</p>\r\n\r\n<p><img alt=\"Coles Logo\" src=\"images/c', NULL, NULL),
(6, '2025-07-09', 'New Event ', '<p><img alt=\"Coles Logo\" src=\"images/coles_logo.png\" style=\"height:60px\" /></p>\r\n<br><br><div style=\"text-align:center; margin-top:40px;\">\r\n    <img src=\"images/coles_logo.png\" alt=\"Coles College of B', NULL, NULL),
(7, '2025-07-09', 'New Event ', '<p><img alt=\"Coles Logo\" src=\"images/coles_logo.png\" style=\"height:60px\" /></p>\r\n<br><br><div style=\"text-align:center; margin-top:40px;\">\r\n    <img src=\"images/coles_logo.png\" alt=\"Coles College of B', NULL, NULL),
(8, '2025-07-09', 'New Event ', '<p><img alt=\"Coles Logo\" src=\"images/coles_logo.png\" style=\"height:60px\" /></p>\r\n<br><br><div style=\"text-align:center; margin-top:40px;\">\r\n    <img src=\"images/coles_logo.png\" alt=\"Coles College of B', NULL, NULL),
(9, '2025-07-10', 'New Event ', '<p>Hi John&nbsp;</p>\r\n\r\n<p>&nbsp;</p>\r\n\r\n<p>&nbsp;</p>\r\n\r\n<p><img alt=\"Coles Logo\" src=\"images/coles_logo.png\" style=\"height:60px\" /></p>\r\n<br><br><div style=\"text-align:center; margin-top:40px;\">\r\n  ', NULL, NULL),
(10, '2025-07-10', 'New Event ', '<p><img alt=\"Coles Logo\" src=\"images/coles_logo.png\" style=\"height:60px\" /></p>\r\n<br><br><div style=\"text-align:center; margin-top:40px;\">\r\n    <img src=\"images/coles_logo.png\" alt=\"Coles College of B', NULL, NULL),
(11, '2025-07-10', 'New Event ', '<p><img alt=\"Coles Logo\" src=\"images/coles_logo.png\" style=\"height:60px\" /></p>\r\n<br><br><div style=\"text-align:center; margin-top:40px;\">\r\n    <img src=\"images/coles_logo.png\" alt=\"Coles College of B', NULL, NULL),
(12, '2025-07-10', 'New Event ', '<p><img alt=\"Coles Logo\" src=\"images/coles_logo.png\" style=\"height:60px\" /></p>\r\n<br><br><div style=\"text-align:center; margin-top:40px;\">\r\n    <img src=\"images/coles_logo.png\" alt=\"Coles College of B', NULL, NULL),
(13, '2025-07-11', 'New Event ', '<p><img alt=\"Coles Logo\" src=\"images/coles_logo.png\" style=\"height:60px\" /></p>\r\n\r\n<p>&nbsp;</p>\r\n\r\n<p><strong>Hi so and&nbsp;</strong></p>\r\n<br><br><div style=\"text-align:center; margin-top:40px;\">\r\n', NULL, NULL),
(14, '2025-07-12', 'New Event ', '<p><img alt=\"Coles Logo\" src=\"images/coles_logo.png\" style=\"height:60px\" /></p>\r\n\r\n<p>JHFkjdshfkhe hfkejhfkehfkewhf&nbsp;</p>\r\n<br><br><div style=\"text-align:center; margin-top:40px;\">\r\n    <img src=\"', NULL, NULL),
(15, '2025-07-13', 'New Event ', '<p>&nbsp;</p>\r\n\r\n<p>fdfdfdfdfdf</p>\r\n\r\n<p>&nbsp;</p>\r\n\r\n<p><img alt=\"Coles Logo\" src=\"images/coles_logo.png\" style=\"height:60px\" /></p>\r\n<br><br><div style=\"text-align:center; margin-top:40px;\">\r\n    ', NULL, NULL),
(16, '2025-07-19', 'New Event ', '<p>Dear Alumni,</p>\r\n\r\n<p>LSjkje sjldjfkejsjj&nbsp; <strong>ehehehrle h&nbsp;</strong></p>\r\n\r\n<p>&nbsp;</p>\r\n\r\n<p>&nbsp;</p>\r\n\r\n<p>&nbsp;</p>\r\n\r\n<p>&nbsp;</p>\r\n\r\n<p><img alt=\"Coles Logo\" src=\"images/c', NULL, NULL),
(17, '2025-07-19', 'New Event ', '<p>Dear Student,</p>\r\n\r\n<p>&nbsp;</p>\r\n\r\n<p>&nbsp;</p>\r\n\r\n<p><img alt=\"Coles Logo\" src=\"images/coles_logo.png\" style=\"height:60px\" /></p>\r\n<br><br><div style=\"text-align:center; margin-top:40px;\">\r\n  ', NULL, NULL),
(18, '2025-07-19', 'New Event ', '<p>ddgf ghjkk&nbsp;</p>\r\n\r\n<p>&nbsp;</p>\r\n\r\n<p><img alt=\"Coles Logo\" src=\"images/coles_logo.png\" style=\"height:60px\" /></p>\r\n<br><br><div style=\"text-align:center; margin-top:40px;\">\r\n    <img src=\"im', NULL, NULL);

-- --------------------------------------------------------

--
-- Table structure for table `sentto`
--

CREATE TABLE `sentto` (
  `alumniID` int(11) NOT NULL,
  `NID` int(11) NOT NULL,
  `sentDate` date DEFAULT NULL
) ENGINE=InnoDB DEFAULT CHARSET=utf8mb4 COLLATE=utf8mb4_general_ci;

--
-- Dumping data for table `sentto`
--

INSERT INTO `sentto` (`alumniID`, `NID`, `sentDate`) VALUES
(202, 1, '2023-09-01'),
(202, 4, '2025-07-09'),
(202, 9, '2025-07-10'),
(202, 11, '2025-07-10'),
(202, 12, '2025-07-10'),
(202, 15, '2025-07-13'),
(202, 16, '2025-07-19'),
(202, 17, '2025-07-19'),
(202, 18, '2025-07-19'),
(203, 2, '2024-01-15'),
(203, 4, '2025-07-09'),
(203, 11, '2025-07-10'),
(203, 12, '2025-07-10'),
(203, 15, '2025-07-13'),
(203, 16, '2025-07-19'),
(203, 17, '2025-07-19'),
(203, 18, '2025-07-19'),
(204, 3, '2025-07-09'),
(204, 4, '2025-07-09'),
(204, 5, '2025-07-09'),
(204, 6, '2025-07-09'),
(204, 7, '2025-07-09'),
(204, 8, '2025-07-09'),
(204, 10, '2025-07-10'),
(204, 11, '2025-07-10'),
(204, 12, '2025-07-10'),
(204, 13, '2025-07-11'),
(204, 14, '2025-07-12'),
(204, 15, '2025-07-13'),
(204, 16, '2025-07-19'),
(204, 17, '2025-07-19'),
(204, 18, '2025-07-19'),
(205, 4, '2025-07-09'),
(205, 11, '2025-07-10'),
(205, 12, '2025-07-10'),
(205, 15, '2025-07-13'),
(205, 16, '2025-07-19'),
(205, 17, '2025-07-19'),
(205, 18, '2025-07-19'),
(207, 4, '2025-07-09'),
(207, 11, '2025-07-10'),
(207, 12, '2025-07-10'),
(207, 15, '2025-07-13'),
(207, 16, '2025-07-19'),
(207, 17, '2025-07-19'),
(207, 18, '2025-07-19'),
(208, 4, '2025-07-09'),
(208, 11, '2025-07-10'),
(208, 12, '2025-07-10'),
(208, 15, '2025-07-13'),
(208, 16, '2025-07-19'),
(208, 17, '2025-07-19'),
(208, 18, '2025-07-19'),
(209, 4, '2025-07-09'),
(209, 11, '2025-07-10'),
(209, 12, '2025-07-10'),
(209, 15, '2025-07-13'),
(209, 16, '2025-07-19'),
(209, 17, '2025-07-19'),
(209, 18, '2025-07-19'),
(210, 4, '2025-07-09'),
(210, 11, '2025-07-10'),
(210, 12, '2025-07-10'),
(210, 15, '2025-07-13'),
(210, 16, '2025-07-19'),
(210, 17, '2025-07-19'),
(210, 18, '2025-07-19'),
(211, 4, '2025-07-09'),
(211, 11, '2025-07-10'),
(211, 12, '2025-07-10'),
(211, 15, '2025-07-13'),
(211, 16, '2025-07-19'),
(211, 17, '2025-07-19'),
(211, 18, '2025-07-19'),
(212, 4, '2025-07-09'),
(212, 11, '2025-07-10'),
(212, 12, '2025-07-10'),
(212, 15, '2025-07-13'),
(212, 16, '2025-07-19'),
(212, 17, '2025-07-19'),
(212, 18, '2025-07-19'),
(213, 4, '2025-07-09'),
(213, 11, '2025-07-10'),
(213, 12, '2025-07-10'),
(213, 15, '2025-07-13'),
(213, 16, '2025-07-19'),
(213, 17, '2025-07-19'),
(213, 18, '2025-07-19'),
(214, 4, '2025-07-09'),
(214, 11, '2025-07-10'),
(214, 12, '2025-07-10'),
(214, 15, '2025-07-13'),
(214, 16, '2025-07-19'),
(214, 17, '2025-07-19'),
(214, 18, '2025-07-19'),
(215, 4, '2025-07-09'),
(215, 11, '2025-07-10'),
(215, 12, '2025-07-10'),
(215, 15, '2025-07-13'),
(215, 16, '2025-07-19'),
(215, 17, '2025-07-19'),
(215, 18, '2025-07-19'),
(216, 4, '2025-07-09'),
(216, 11, '2025-07-10'),
(216, 12, '2025-07-10'),
(216, 15, '2025-07-13'),
(216, 16, '2025-07-19'),
(216, 17, '2025-07-19'),
(216, 18, '2025-07-19'),
(217, 4, '2025-07-09'),
(217, 11, '2025-07-10'),
(217, 12, '2025-07-10'),
(217, 15, '2025-07-13'),
(217, 16, '2025-07-19'),
(217, 17, '2025-07-19'),
(217, 18, '2025-07-19'),
(218, 4, '2025-07-09'),
(218, 11, '2025-07-10'),
(218, 12, '2025-07-10'),
(218, 15, '2025-07-13'),
(218, 16, '2025-07-19'),
(218, 17, '2025-07-19'),
(218, 18, '2025-07-19'),
(219, 4, '2025-07-09'),
(219, 11, '2025-07-10'),
(219, 12, '2025-07-10'),
(219, 15, '2025-07-13'),
(219, 16, '2025-07-19'),
(219, 17, '2025-07-19'),
(219, 18, '2025-07-19'),
(220, 4, '2025-07-09'),
(220, 11, '2025-07-10'),
(220, 12, '2025-07-10'),
(220, 15, '2025-07-13'),
(220, 16, '2025-07-19'),
(220, 17, '2025-07-19'),
(220, 18, '2025-07-19'),
(229, 4, '2025-07-09'),
(229, 11, '2025-07-10'),
(229, 12, '2025-07-10'),
(229, 15, '2025-07-13'),
(229, 16, '2025-07-19'),
(229, 17, '2025-07-19'),
(229, 18, '2025-07-19'),
(233, 4, '2025-07-09'),
(233, 11, '2025-07-10'),
(233, 12, '2025-07-10'),
(233, 15, '2025-07-13'),
(233, 16, '2025-07-19'),
(233, 17, '2025-07-19'),
(233, 18, '2025-07-19'),
(234, 4, '2025-07-09'),
(234, 11, '2025-07-10'),
(234, 12, '2025-07-10'),
(234, 15, '2025-07-13'),
(234, 16, '2025-07-19'),
(234, 17, '2025-07-19'),
(234, 18, '2025-07-19'),
(235, 4, '2025-07-09'),
(235, 11, '2025-07-10'),
(235, 12, '2025-07-10'),
(235, 15, '2025-07-13'),
(235, 16, '2025-07-19'),
(235, 17, '2025-07-19'),
(235, 18, '2025-07-19'),
(236, 4, '2025-07-09'),
(236, 11, '2025-07-10'),
(236, 12, '2025-07-10'),
(236, 15, '2025-07-13'),
(236, 16, '2025-07-19'),
(236, 17, '2025-07-19'),
(236, 18, '2025-07-19'),
(237, 4, '2025-07-09'),
(237, 11, '2025-07-10'),
(237, 12, '2025-07-10'),
(237, 15, '2025-07-13'),
(237, 16, '2025-07-19'),
(237, 17, '2025-07-19'),
(237, 18, '2025-07-19'),
(238, 4, '2025-07-09'),
(238, 11, '2025-07-10'),
(238, 12, '2025-07-10'),
(238, 15, '2025-07-13'),
(238, 16, '2025-07-19'),
(238, 17, '2025-07-19'),
(238, 18, '2025-07-19'),
(239, 4, '2025-07-09'),
(239, 11, '2025-07-10'),
(239, 12, '2025-07-10'),
(239, 15, '2025-07-13'),
(239, 16, '2025-07-19'),
(239, 17, '2025-07-19'),
(239, 18, '2025-07-19'),
(240, 4, '2025-07-09'),
(240, 11, '2025-07-10'),
(240, 12, '2025-07-10'),
(240, 15, '2025-07-13'),
(240, 16, '2025-07-19'),
(240, 17, '2025-07-19'),
(240, 18, '2025-07-19'),
(241, 4, '2025-07-09'),
(241, 11, '2025-07-10'),
(241, 12, '2025-07-10'),
(241, 15, '2025-07-13'),
(241, 16, '2025-07-19'),
(241, 17, '2025-07-19'),
(241, 18, '2025-07-19'),
(242, 4, '2025-07-09'),
(242, 11, '2025-07-10'),
(242, 12, '2025-07-10'),
(242, 15, '2025-07-13'),
(242, 16, '2025-07-19'),
(242, 17, '2025-07-19'),
(242, 18, '2025-07-19'),
(243, 4, '2025-07-09'),
(243, 11, '2025-07-10'),
(243, 12, '2025-07-10'),
(243, 15, '2025-07-13'),
(243, 16, '2025-07-19'),
(243, 17, '2025-07-19'),
(243, 18, '2025-07-19'),
(245, 4, '2025-07-09'),
(245, 11, '2025-07-10'),
(245, 12, '2025-07-10'),
(245, 15, '2025-07-13'),
(245, 16, '2025-07-19'),
(245, 17, '2025-07-19'),
(245, 18, '2025-07-19'),
(246, 4, '2025-07-09'),
(246, 11, '2025-07-10'),
(246, 12, '2025-07-10'),
(246, 15, '2025-07-13'),
(246, 16, '2025-07-19'),
(246, 17, '2025-07-19'),
(246, 18, '2025-07-19'),
(247, 4, '2025-07-09'),
(247, 11, '2025-07-10'),
(247, 12, '2025-07-10'),
(247, 15, '2025-07-13'),
(247, 16, '2025-07-19'),
(247, 17, '2025-07-19'),
(247, 18, '2025-07-19'),
(248, 4, '2025-07-09'),
(248, 11, '2025-07-10'),
(248, 12, '2025-07-10'),
(248, 15, '2025-07-13'),
(248, 16, '2025-07-19'),
(248, 17, '2025-07-19'),
(248, 18, '2025-07-19'),
(249, 4, '2025-07-09'),
(249, 11, '2025-07-10'),
(249, 12, '2025-07-10'),
(249, 15, '2025-07-13'),
(249, 16, '2025-07-19'),
(249, 17, '2025-07-19'),
(249, 18, '2025-07-19'),
(250, 4, '2025-07-09'),
(250, 11, '2025-07-10'),
(250, 12, '2025-07-10'),
(250, 15, '2025-07-13'),
(250, 16, '2025-07-19'),
(250, 17, '2025-07-19'),
(250, 18, '2025-07-19'),
(251, 4, '2025-07-09'),
(251, 11, '2025-07-10'),
(251, 12, '2025-07-10'),
(251, 15, '2025-07-13'),
(251, 16, '2025-07-19'),
(251, 17, '2025-07-19'),
(251, 18, '2025-07-19'),
(252, 4, '2025-07-09'),
(252, 11, '2025-07-10'),
(252, 12, '2025-07-10'),
(252, 15, '2025-07-13'),
(252, 16, '2025-07-19'),
(252, 17, '2025-07-19'),
(252, 18, '2025-07-19'),
(253, 4, '2025-07-09'),
(253, 11, '2025-07-10'),
(253, 12, '2025-07-10'),
(253, 15, '2025-07-13'),
(253, 16, '2025-07-19'),
(253, 17, '2025-07-19'),
(253, 18, '2025-07-19'),
(254, 4, '2025-07-09'),
(254, 11, '2025-07-10'),
(254, 12, '2025-07-10'),
(254, 15, '2025-07-13'),
(254, 16, '2025-07-19'),
(254, 17, '2025-07-19'),
(254, 18, '2025-07-19'),
(255, 4, '2025-07-09'),
(255, 11, '2025-07-10'),
(255, 12, '2025-07-10'),
(255, 15, '2025-07-13'),
(255, 16, '2025-07-19'),
(255, 17, '2025-07-19'),
(255, 18, '2025-07-19'),
(256, 4, '2025-07-09'),
(256, 11, '2025-07-10'),
(256, 12, '2025-07-10'),
(256, 15, '2025-07-13'),
(256, 16, '2025-07-19'),
(256, 17, '2025-07-19'),
(256, 18, '2025-07-19'),
(257, 4, '2025-07-09'),
(257, 11, '2025-07-10'),
(257, 12, '2025-07-10'),
(257, 15, '2025-07-13'),
(257, 16, '2025-07-19'),
(257, 17, '2025-07-19'),
(257, 18, '2025-07-19'),
(258, 4, '2025-07-09'),
(258, 11, '2025-07-10'),
(258, 12, '2025-07-10'),
(258, 15, '2025-07-13'),
(258, 16, '2025-07-19'),
(258, 17, '2025-07-19'),
(258, 18, '2025-07-19'),
(259, 4, '2025-07-09'),
(259, 11, '2025-07-10'),
(259, 12, '2025-07-10'),
(259, 15, '2025-07-13'),
(259, 16, '2025-07-19'),
(259, 17, '2025-07-19'),
(259, 18, '2025-07-19'),
(260, 4, '2025-07-09'),
(260, 11, '2025-07-10'),
(260, 12, '2025-07-10'),
(260, 15, '2025-07-13'),
(260, 16, '2025-07-19'),
(260, 17, '2025-07-19'),
(260, 18, '2025-07-19'),
(261, 4, '2025-07-09'),
(261, 11, '2025-07-10'),
(261, 12, '2025-07-10'),
(261, 15, '2025-07-13'),
(261, 16, '2025-07-19'),
(261, 17, '2025-07-19'),
(261, 18, '2025-07-19'),
(262, 4, '2025-07-09'),
(262, 11, '2025-07-10'),
(262, 12, '2025-07-10'),
(262, 15, '2025-07-13'),
(262, 16, '2025-07-19'),
(262, 17, '2025-07-19'),
(262, 18, '2025-07-19'),
(263, 4, '2025-07-09'),
(263, 11, '2025-07-10'),
(263, 12, '2025-07-10'),
(263, 15, '2025-07-13'),
(263, 16, '2025-07-19'),
(263, 17, '2025-07-19'),
(263, 18, '2025-07-19'),
(264, 4, '2025-07-09'),
(264, 11, '2025-07-10'),
(264, 12, '2025-07-10'),
(264, 15, '2025-07-13'),
(264, 16, '2025-07-19'),
(264, 17, '2025-07-19'),
(264, 18, '2025-07-19'),
(265, 4, '2025-07-09'),
(265, 11, '2025-07-10'),
(265, 12, '2025-07-10'),
(265, 15, '2025-07-13'),
(265, 16, '2025-07-19'),
(265, 17, '2025-07-19'),
(265, 18, '2025-07-19'),
(266, 4, '2025-07-09'),
(266, 11, '2025-07-10'),
(266, 12, '2025-07-10'),
(266, 15, '2025-07-13'),
(266, 16, '2025-07-19'),
(266, 17, '2025-07-19'),
(266, 18, '2025-07-19'),
(268, 4, '2025-07-09'),
(268, 11, '2025-07-10'),
(268, 12, '2025-07-10'),
(268, 15, '2025-07-13'),
(268, 16, '2025-07-19'),
(268, 17, '2025-07-19'),
(268, 18, '2025-07-19'),
(269, 4, '2025-07-09'),
(269, 11, '2025-07-10'),
(269, 12, '2025-07-10'),
(269, 15, '2025-07-13'),
(269, 16, '2025-07-19'),
(269, 17, '2025-07-19'),
(269, 18, '2025-07-19'),
(270, 4, '2025-07-09'),
(270, 11, '2025-07-10'),
(270, 12, '2025-07-10'),
(270, 15, '2025-07-13'),
(270, 16, '2025-07-19'),
(270, 17, '2025-07-19'),
(270, 18, '2025-07-19'),
(274, 4, '2025-07-09'),
(274, 11, '2025-07-10'),
(274, 12, '2025-07-10'),
(274, 15, '2025-07-13'),
(274, 16, '2025-07-19'),
(274, 17, '2025-07-19'),
(274, 18, '2025-07-19'),
(275, 4, '2025-07-09'),
(275, 11, '2025-07-10'),
(275, 12, '2025-07-10'),
(275, 15, '2025-07-13'),
(275, 16, '2025-07-19'),
(275, 17, '2025-07-19'),
(275, 18, '2025-07-19'),
(276, 4, '2025-07-09'),
(276, 11, '2025-07-10'),
(276, 12, '2025-07-10'),
(276, 15, '2025-07-13'),
(276, 16, '2025-07-19'),
(276, 17, '2025-07-19'),
(276, 18, '2025-07-19'),
(277, 4, '2025-07-09'),
(277, 11, '2025-07-10'),
(277, 12, '2025-07-10'),
(277, 15, '2025-07-13'),
(277, 16, '2025-07-19'),
(277, 17, '2025-07-19'),
(277, 18, '2025-07-19'),
(278, 4, '2025-07-09'),
(278, 11, '2025-07-10'),
(278, 12, '2025-07-10'),
(278, 15, '2025-07-13'),
(278, 16, '2025-07-19'),
(278, 17, '2025-07-19'),
(278, 18, '2025-07-19'),
(279, 4, '2025-07-09'),
(279, 11, '2025-07-10'),
(279, 12, '2025-07-10'),
(279, 15, '2025-07-13'),
(279, 16, '2025-07-19'),
(279, 17, '2025-07-19'),
(279, 18, '2025-07-19'),
(280, 4, '2025-07-09'),
(280, 11, '2025-07-10'),
(280, 12, '2025-07-10'),
(280, 15, '2025-07-13'),
(280, 16, '2025-07-19'),
(280, 17, '2025-07-19'),
(280, 18, '2025-07-19'),
(282, 4, '2025-07-09'),
(282, 11, '2025-07-10'),
(282, 12, '2025-07-10'),
(282, 15, '2025-07-13'),
(282, 16, '2025-07-19'),
(282, 17, '2025-07-19'),
(282, 18, '2025-07-19'),
(283, 4, '2025-07-09'),
(283, 11, '2025-07-10'),
(283, 12, '2025-07-10'),
(283, 15, '2025-07-13'),
(283, 16, '2025-07-19'),
(283, 17, '2025-07-19'),
(283, 18, '2025-07-19'),
(284, 4, '2025-07-09'),
(284, 11, '2025-07-10'),
(284, 12, '2025-07-10'),
(284, 15, '2025-07-13'),
(284, 16, '2025-07-19'),
(284, 17, '2025-07-19'),
(284, 18, '2025-07-19'),
(285, 4, '2025-07-09'),
(285, 11, '2025-07-10'),
(285, 12, '2025-07-10'),
(285, 15, '2025-07-13'),
(285, 16, '2025-07-19'),
(285, 17, '2025-07-19'),
(285, 18, '2025-07-19'),
(286, 4, '2025-07-09'),
(286, 11, '2025-07-10'),
(286, 12, '2025-07-10'),
(286, 15, '2025-07-13'),
(286, 16, '2025-07-19'),
(286, 17, '2025-07-19'),
(286, 18, '2025-07-19'),
(288, 4, '2025-07-09'),
(288, 11, '2025-07-10'),
(288, 12, '2025-07-10'),
(288, 15, '2025-07-13'),
(288, 16, '2025-07-19'),
(288, 17, '2025-07-19'),
(288, 18, '2025-07-19'),
(289, 4, '2025-07-09'),
(289, 11, '2025-07-10'),
(289, 12, '2025-07-10'),
(289, 15, '2025-07-13'),
(289, 16, '2025-07-19'),
(289, 17, '2025-07-19'),
(289, 18, '2025-07-19'),
(290, 4, '2025-07-09'),
(290, 11, '2025-07-10'),
(290, 12, '2025-07-10'),
(290, 15, '2025-07-13'),
(290, 16, '2025-07-19'),
(290, 17, '2025-07-19'),
(290, 18, '2025-07-19'),
(291, 4, '2025-07-09'),
(291, 11, '2025-07-10'),
(291, 12, '2025-07-10'),
(291, 15, '2025-07-13'),
(291, 16, '2025-07-19'),
(291, 17, '2025-07-19'),
(291, 18, '2025-07-19'),
(293, 4, '2025-07-09'),
(293, 11, '2025-07-10'),
(293, 12, '2025-07-10'),
(293, 15, '2025-07-13'),
(293, 16, '2025-07-19'),
(293, 17, '2025-07-19'),
(293, 18, '2025-07-19'),
(294, 4, '2025-07-09'),
(294, 11, '2025-07-10'),
(294, 12, '2025-07-10'),
(294, 15, '2025-07-13'),
(294, 16, '2025-07-19'),
(294, 17, '2025-07-19'),
(294, 18, '2025-07-19'),
(295, 4, '2025-07-09'),
(295, 11, '2025-07-10'),
(295, 12, '2025-07-10'),
(295, 15, '2025-07-13'),
(295, 16, '2025-07-19'),
(295, 17, '2025-07-19'),
(295, 18, '2025-07-19'),
(296, 4, '2025-07-09'),
(296, 11, '2025-07-10'),
(296, 12, '2025-07-10'),
(296, 15, '2025-07-13'),
(296, 16, '2025-07-19'),
(296, 17, '2025-07-19'),
(296, 18, '2025-07-19'),
(297, 4, '2025-07-09'),
(297, 11, '2025-07-10'),
(297, 12, '2025-07-10'),
(297, 15, '2025-07-13'),
(297, 16, '2025-07-19'),
(297, 17, '2025-07-19'),
(297, 18, '2025-07-19'),
(299, 4, '2025-07-09'),
(299, 11, '2025-07-10'),
(299, 12, '2025-07-10'),
(299, 15, '2025-07-13'),
(299, 16, '2025-07-19'),
(299, 17, '2025-07-19'),
(299, 18, '2025-07-19'),
(300, 4, '2025-07-09'),
(300, 11, '2025-07-10'),
(300, 12, '2025-07-10'),
(300, 15, '2025-07-13'),
(300, 16, '2025-07-19'),
(300, 17, '2025-07-19'),
(300, 18, '2025-07-19'),
(301, 4, '2025-07-09'),
(301, 11, '2025-07-10'),
(301, 12, '2025-07-10'),
(301, 15, '2025-07-13'),
(301, 16, '2025-07-19'),
(301, 17, '2025-07-19'),
(301, 18, '2025-07-19'),
(303, 4, '2025-07-09'),
(303, 11, '2025-07-10'),
(303, 12, '2025-07-10'),
(303, 15, '2025-07-13'),
(303, 16, '2025-07-19'),
(303, 17, '2025-07-19'),
(303, 18, '2025-07-19'),
(304, 4, '2025-07-09'),
(304, 11, '2025-07-10'),
(304, 12, '2025-07-10'),
(304, 15, '2025-07-13'),
(304, 16, '2025-07-19'),
(304, 17, '2025-07-19'),
(304, 18, '2025-07-19'),
(305, 4, '2025-07-09'),
(305, 11, '2025-07-10'),
(305, 12, '2025-07-10'),
(305, 15, '2025-07-13'),
(305, 16, '2025-07-19'),
(305, 17, '2025-07-19'),
(305, 18, '2025-07-19'),
(306, 4, '2025-07-09'),
(306, 11, '2025-07-10'),
(306, 12, '2025-07-10'),
(306, 15, '2025-07-13'),
(306, 16, '2025-07-19'),
(306, 17, '2025-07-19'),
(306, 18, '2025-07-19'),
(307, 4, '2025-07-09'),
(307, 11, '2025-07-10'),
(307, 12, '2025-07-10'),
(307, 15, '2025-07-13'),
(307, 16, '2025-07-19'),
(307, 17, '2025-07-19'),
(307, 18, '2025-07-19'),
(308, 4, '2025-07-09'),
(308, 11, '2025-07-10'),
(308, 12, '2025-07-10'),
(308, 15, '2025-07-13'),
(308, 16, '2025-07-19'),
(308, 17, '2025-07-19'),
(308, 18, '2025-07-19'),
(309, 4, '2025-07-09'),
(309, 11, '2025-07-10'),
(309, 12, '2025-07-10'),
(309, 15, '2025-07-13'),
(309, 16, '2025-07-19'),
(309, 17, '2025-07-19'),
(309, 18, '2025-07-19'),
(310, 4, '2025-07-09'),
(310, 11, '2025-07-10'),
(310, 12, '2025-07-10'),
(310, 15, '2025-07-13'),
(310, 16, '2025-07-19'),
(310, 17, '2025-07-19'),
(310, 18, '2025-07-19'),
(311, 4, '2025-07-09'),
(311, 11, '2025-07-10'),
(311, 12, '2025-07-10'),
(311, 15, '2025-07-13'),
(311, 16, '2025-07-19'),
(311, 17, '2025-07-19'),
(311, 18, '2025-07-19'),
(312, 4, '2025-07-09'),
(312, 11, '2025-07-10'),
(312, 12, '2025-07-10'),
(312, 15, '2025-07-13'),
(312, 16, '2025-07-19'),
(312, 17, '2025-07-19'),
(312, 18, '2025-07-19'),
(313, 4, '2025-07-09'),
(313, 11, '2025-07-10'),
(313, 12, '2025-07-10'),
(313, 15, '2025-07-13'),
(313, 16, '2025-07-19'),
(313, 17, '2025-07-19'),
(313, 18, '2025-07-19'),
(314, 4, '2025-07-09'),
(314, 11, '2025-07-10'),
(314, 12, '2025-07-10'),
(314, 15, '2025-07-13'),
(314, 16, '2025-07-19'),
(314, 17, '2025-07-19'),
(314, 18, '2025-07-19'),
(315, 4, '2025-07-09'),
(315, 11, '2025-07-10'),
(315, 12, '2025-07-10'),
(315, 15, '2025-07-13'),
(315, 16, '2025-07-19'),
(315, 17, '2025-07-19'),
(315, 18, '2025-07-19'),
(320, 4, '2025-07-09'),
(320, 11, '2025-07-10'),
(320, 12, '2025-07-10'),
(320, 15, '2025-07-13'),
(320, 16, '2025-07-19'),
(320, 17, '2025-07-19'),
(320, 18, '2025-07-19'),
(321, 4, '2025-07-09'),
(321, 11, '2025-07-10'),
(321, 12, '2025-07-10'),
(321, 15, '2025-07-13'),
(321, 16, '2025-07-19'),
(321, 17, '2025-07-19'),
(321, 18, '2025-07-19'),
(322, 4, '2025-07-09'),
(322, 11, '2025-07-10'),
(322, 12, '2025-07-10'),
(322, 15, '2025-07-13'),
(322, 16, '2025-07-19'),
(322, 17, '2025-07-19'),
(322, 18, '2025-07-19'),
(323, 4, '2025-07-09'),
(323, 11, '2025-07-10'),
(323, 12, '2025-07-10'),
(323, 15, '2025-07-13'),
(323, 16, '2025-07-19'),
(323, 17, '2025-07-19'),
(323, 18, '2025-07-19'),
(324, 4, '2025-07-09'),
(324, 11, '2025-07-10'),
(324, 12, '2025-07-10'),
(324, 15, '2025-07-13'),
(324, 16, '2025-07-19'),
(324, 17, '2025-07-19'),
(324, 18, '2025-07-19');

-- --------------------------------------------------------

--
-- Table structure for table `skillset`
--

CREATE TABLE `skillset` (
  `sID` int(11) NOT NULL,
  `alumniID` int(11) NOT NULL,
  `skill` varchar(50) NOT NULL,
  `proficiency` enum('Beginner','Intermediate','Advanced') DEFAULT NULL,
  `description` varchar(100) DEFAULT NULL
) ENGINE=InnoDB DEFAULT CHARSET=utf8mb4 COLLATE=utf8mb4_general_ci;

--
-- Dumping data for table `skillset`
--

INSERT INTO `skillset` (`sID`, `alumniID`, `skill`, `proficiency`, `description`) VALUES
(100, 204, 'Figma', 'Beginner', ''),
(101, 204, 'Excel', 'Intermediate', ''),
(102, 207, 'Agile Methodologies', 'Intermediate', ''),
(103, 208, 'JavaScript', 'Beginner', ''),
(104, 209, 'Mobile Application Development', 'Intermediate', ''),
(105, 210, 'Java', 'Beginner', ''),
(106, 211, 'Data Analytics', 'Intermediate', ''),
(107, 212, 'Tableau', 'Beginner', ''),
(108, 213, 'Programming', 'Beginner', ''),
(109, 214, 'Agile Methodologies', 'Intermediate', ''),
(110, 215, 'Figma', 'Intermediate', ''),
(111, 215, 'SQL', 'Advanced', ''),
(112, 215, 'Python', 'Beginner', ''),
(113, 218, 'Java', 'Beginner', ''),
(114, 219, 'User Experience (UX) Design', 'Beginner', ''),
(115, 220, 'Project Management', 'Intermediate', ''),
(116, 229, 'C#', 'Beginner', ''),
(118, 233, 'AWS', 'Intermediate', ''),
(119, 234, 'React JS', 'Advanced', ''),
(120, 235, 'Project Management', 'Intermediate', ''),
(121, 236, 'React JS', 'Intermediate', ''),
(122, 237, 'JavaScript', 'Beginner', ''),
(123, 238, 'AWS', 'Advanced', ''),
(124, 240, 'Agile Methodologies', 'Advanced', ''),
(125, 241, 'AWS', 'Advanced', ''),
(126, 242, 'Power BI', 'Beginner', ''),
(127, 243, 'CSS', 'Advanced', ''),
(128, 245, 'C#', 'Intermediate', ''),
(129, 246, 'Excel', 'Advanced', ''),
(130, 246, 'AWS', 'Beginner', ''),
(131, 246, 'Network Administration', 'Beginner', ''),
(132, 246, 'Power BI', 'Advanced', ''),
(133, 250, 'CSS', 'Intermediate', ''),
(134, 251, 'Figma', 'Intermediate', ''),
(135, 252, 'MongoDB', 'Intermediate', ''),
(136, 253, 'SQL', 'Beginner', ''),
(137, 255, 'Figma', 'Intermediate', ''),
(138, 256, 'Node JS', 'Beginner', ''),
(139, 257, 'Project Management', 'Intermediate', ''),
(140, 258, 'Azure', 'Intermediate', ''),
(141, 259, 'Excel', 'Advanced', ''),
(142, 260, 'Encryption Techniques', 'Intermediate', ''),
(143, 261, 'Systems Analysis and Design', 'Intermediate', ''),
(144, 262, 'Agile Methodologies', 'Beginner', ''),
(145, 263, 'Tableau', 'Advanced', ''),
(146, 264, 'Data Analysis', 'Advanced', ''),
(147, 265, 'MongoDB', 'Intermediate', ''),
(148, 266, 'Programming', 'Beginner', ''),
(149, 268, 'Data Analysis', 'Intermediate', ''),
(150, 269, 'Mobile Application Development', 'Intermediate', ''),
(151, 270, 'Python', 'Beginner', ''),
(152, 274, 'Systems Analysis and Design', 'Intermediate', ''),
(153, 276, 'MySQL', 'Beginner', ''),
(154, 277, 'AWS', 'Beginner', ''),
(155, 277, 'MongoDB', 'Advanced', ''),
(156, 279, 'React JS', 'Beginner', ''),
(157, 279, 'AWS', 'Intermediate', ''),
(158, 282, 'Figma', 'Advanced', ''),
(159, 283, 'Systems Analysis and Design', 'Advanced', ''),
(160, 284, 'Figma', 'Advanced', ''),
(161, 285, 'Tableau', 'Intermediate', ''),
(162, 285, 'Systems Analysis and Design', 'Intermediate', ''),
(163, 288, 'Information Security', 'Beginner', ''),
(164, 289, 'Power BI', 'Intermediate', ''),
(165, 290, 'Java', 'Advanced', ''),
(166, 291, 'JavaScript', 'Intermediate', ''),
(167, 293, 'Google Cloud', 'Advanced', ''),
(168, 294, 'Mobile Application Development', 'Advanced', ''),
(169, 295, 'Data Analysis', 'Advanced', ''),
(170, 296, 'Programming', 'Beginner', ''),
(171, 297, 'Project Management', 'Intermediate', ''),
(172, 297, 'Web Development', 'Beginner', ''),
(173, 300, 'User Experience (UX) Design', 'Advanced', ''),
(174, 303, 'MongoDB', 'Intermediate', ''),
(175, 304, 'Systems Analysis and Design', 'Advanced', ''),
(176, 305, 'Figma', 'Intermediate', ''),
(177, 306, 'Business Intelligence', 'Advanced', ''),
(178, 308, 'Business Intelligence', 'Advanced', ''),
(179, 309, 'Power BI', 'Intermediate', ''),
(180, 310, 'MongoDB', 'Intermediate', ''),
(181, 310, 'Web Development', 'Intermediate', ''),
(182, 310, 'Python', 'Intermediate', ''),
(183, 313, 'Data Analysis', 'Beginner', ''),
(184, 314, 'Web Development', 'Intermediate', ''),
(185, 320, 'Database Management', 'Intermediate', ''),
(186, 321, 'Encryption Techniques', 'Advanced', ''),
(187, 322, 'Business Intelligence', 'Beginner', ''),
(188, 323, 'JavaScript', 'Beginner', ''),
(189, 323, 'Azure', 'Beginner', '');

-- --------------------------------------------------------

--
-- Table structure for table `user`
--

CREATE TABLE `user` (
  `UID` varchar(20) NOT NULL,
  `password` varchar(20) NOT NULL,
  `fName` varchar(20) NOT NULL,
  `lName` varchar(20) NOT NULL,
  `email` varchar(50) DEFAULT NULL,
  `jobDescription` varchar(50) DEFAULT NULL,
  `viewPriviledgeYN` varchar(1) DEFAULT NULL,
  `insertPriviledgeYN` varchar(1) DEFAULT NULL,
  `updatePriviledgeYN` varchar(1) DEFAULT NULL,
  `deletePriviledgeYN` varchar(1) DEFAULT NULL
) ENGINE=InnoDB DEFAULT CHARSET=utf8mb4 COLLATE=utf8mb4_general_ci;

--
-- Dumping data for table `user`
--

INSERT INTO `user` (`UID`, `password`, `fName`, `lName`, `email`, `jobDescription`, `viewPriviledgeYN`, `insertPriviledgeYN`, `updatePriviledgeYN`, `deletePriviledgeYN`) VALUES
('', 'Mokus1986', 'Monika', 'Cribeiro', 'monikacribeiro@gmail.com', NULL, NULL, NULL, NULL, NULL),
('105386', 'MyDogButch2024', 'Aaron', 'French', NULL, 'Professor', 'Y', 'Y', 'Y', 'Y'),
('mcribei1', 'Mokus1986', 'Monika', 'Cribeiro', NULL, NULL, 'Y', 'N', 'N', 'N');

--
-- Indexes for dumped tables
--

--
-- Indexes for table `address`
--
ALTER TABLE `address`
  ADD PRIMARY KEY (`addressID`),
  ADD KEY `alumniID` (`alumniID`);

--
-- Indexes for table `alumni`
--
ALTER TABLE `alumni`
  ADD PRIMARY KEY (`alumniID`);

--
-- Indexes for table `degree`
--
ALTER TABLE `degree`
  ADD PRIMARY KEY (`degreeID`),
  ADD KEY `alumniID` (`alumniID`);

--
-- Indexes for table `donations`
--
ALTER TABLE `donations`
  ADD PRIMARY KEY (`donationID`),
  ADD KEY `alumniID` (`alumniID`);

--
-- Indexes for table `employment`
--
ALTER TABLE `employment`
  ADD PRIMARY KEY (`EID`),
  ADD KEY `alumniID` (`alumniID`);

--
-- Indexes for table `newsletter`
--
ALTER TABLE `newsletter`
  ADD PRIMARY KEY (`NID`);

--
-- Indexes for table `sentto`
--
ALTER TABLE `sentto`
  ADD PRIMARY KEY (`alumniID`,`NID`),
  ADD KEY `NID` (`NID`);

--
-- Indexes for table `skillset`
--
ALTER TABLE `skillset`
  ADD PRIMARY KEY (`sID`),
  ADD KEY `alumniID` (`alumniID`);

--
-- Indexes for table `user`
--
ALTER TABLE `user`
  ADD PRIMARY KEY (`UID`);

--
-- AUTO_INCREMENT for dumped tables
--

--
-- AUTO_INCREMENT for table `newsletter`
--
ALTER TABLE `newsletter`
  MODIFY `NID` int(11) NOT NULL AUTO_INCREMENT, AUTO_INCREMENT=19;

--
-- Constraints for dumped tables
--

--
-- Constraints for table `address`
--
ALTER TABLE `address`
  ADD CONSTRAINT `address_ibfk_1` FOREIGN KEY (`alumniID`) REFERENCES `alumni` (`alumniID`);

--
-- Constraints for table `degree`
--
ALTER TABLE `degree`
  ADD CONSTRAINT `degree_ibfk_1` FOREIGN KEY (`alumniID`) REFERENCES `alumni` (`alumniID`);

--
-- Constraints for table `donations`
--
ALTER TABLE `donations`
  ADD CONSTRAINT `donations_ibfk_1` FOREIGN KEY (`alumniID`) REFERENCES `alumni` (`alumniID`);

--
-- Constraints for table `employment`
--
ALTER TABLE `employment`
  ADD CONSTRAINT `employment_ibfk_1` FOREIGN KEY (`alumniID`) REFERENCES `alumni` (`alumniID`);

--
-- Constraints for table `sentto`
--
ALTER TABLE `sentto`
  ADD CONSTRAINT `sentto_ibfk_1` FOREIGN KEY (`alumniID`) REFERENCES `alumni` (`alumniID`),
  ADD CONSTRAINT `sentto_ibfk_2` FOREIGN KEY (`NID`) REFERENCES `newsletter` (`NID`);

--
-- Constraints for table `skillset`
--
ALTER TABLE `skillset`
  ADD CONSTRAINT `skillset_ibfk_1` FOREIGN KEY (`alumniID`) REFERENCES `alumni` (`alumniID`);
COMMIT;

/*!40101 SET CHARACTER_SET_CLIENT=@OLD_CHARACTER_SET_CLIENT */;
/*!40101 SET CHARACTER_SET_RESULTS=@OLD_CHARACTER_SET_RESULTS */;
/*!40101 SET COLLATION_CONNECTION=@OLD_COLLATION_CONNECTION */;
